Workbook

Sheet 2026
A1: Calendar Year 2026 Water Use Projections | B1: =888973-866000 -> 22973 | D1: 909799 | F1: Calendar Year 2026 Water Use Projections | G1: =1118973-1140000 -> -21027 | K1: Calendar Year 2026 Water Use Projections | L1: =863966-725000 -> 138966 | N1: =L1-36365 -> 102601
A2: Most Probable Inflow | D2: =44271+8991-(573/0.9) -> 52625.333 | F2: Probable Minimum Inflow | G2: =1100000-1070865 -> 29135 | K2: Probable Maximum Inflow | N2: =N1-62144 -> 40457
A3: Projected Operating Condition - Level 1 Shortage (1050-1075) | F3: Projected Operating Condition - Level 1 Shortage (1075-1050) | K3: Projected Operating Condition - Level 1 Shortage (1075-1050) | N3: =N2/0.9 -> 44952.222
N4: =N3+62144 -> 107096.22
A5: California | B5: Values in AF | D5: Notes | F5: California | G5: Values in AF | I5: Notes | K5: California | L5: Values in AF | N5: Notes
A6: Basic apportionment | B6: 4400000 | F6: Basic apportionment | G6: 4400000 | K6: Basic apportionment | L6: 4400000
A7: MWD - Storage of NV unused | B7: =B33+B46 -> 0 | F7: MWD - Storage of NV unused | G7: =G33+G46 -> 0 | K7: MWD - Storage of NV unused | L7: 0
A8: MWD - ICS (delivery or creation) | B8: 0 | D8: MWD annual diversion = 907 kaf (want to divert 866 kaf but ICS bank is full); Workaround for rule fail (rule 29) Jan - reset value is 881,590af plus vacated ics 25,409 af = total delivery of 906,999 | F8: MWD - ICS (delivery or creation) | G8: =205448+29135+21027 -> 255610 | I8: MWD Diversion of 1.14 Maf | K8: MWD - ICS (delivery or creation) | L8: 0 | N8: MWD annual diversion = 907 kaf (want to divert 818 kaf but ICS bank is full); Workaround for rule fail (rule 29) Jan - reset value is 881,590af plus vacated ics 25,409 af = total delivery of 906,999
A9: IID - ICS (delivery or creation) | D9: Based on anticipated ICS plan | F9: IID - ICS (delivery or creation) | G9: 0 | K9: IID - ICS (delivery or creation) | L9: 0 | N9: Based on anticipated ICS plan
A10: MWD B2 System Conservation | B10: 0 | F10: MWD B2 System Conservation | K10: MWD B2 System Conservation | L10: 0
A11: California- Water left in Mead | F11: California- Water left in Mead | K11: California- Water left in Mead
A12: System Conservation | B12: =-'System Conservation'!AL2 -> -377609 | F12: System Conservation | G12: =B12 -> -377609 | K12: System Conservation | L12: =-'System Conservation'!AL2 -> -377609
A13: PSCP (Needles) | B13: -145 | F13: PSCP (Needles) | G13: -145 | K13: PSCP (Needles) | L13: -145
A14: Estimated CA adjusted apportionment | B14: =SUM(B6:B13) -> 4022246 | F14: Estimated CA adjusted apportionment | G14: =SUM(G6:G13) -> 4277856 | K14: Estimated CA adjusted apportionment | L14: =SUM(L6:L13) -> 4022246
A15: Modeled CA state total | B15: =B14+B18+B16 -> 4044855 | D15: Input into model | F15: Modeled CA state total | G15: =G14+G16 -> 4277856 | K15: Modeled CA state total | L15: =L14+L16 -> 4022246
A16: Unused - interstate banking | B16: 0 | F16: Unused - interstate banking | G16: 0 | K16: Unused - interstate banking | L16: 0
A17: Unused - left in system | B17: 0 | F17: Unused - left in system | G17: 0 | K17: Unused - left in system | L17: 0
A18: Vacated ICS | B18: =25409-2800 -> 22609 | D18: vacated ics volume of 25,409 af minus MWD return flows | K18: Vacated ICS | L18: =25409-2800 -> 22609 | N18: vacated ics volume of 25,409 af minus MWD return flows
K19: Modeled CA state total | L19: =L15+L18 -> 4044855
A20: Arizona | B20: Values in AF | D20: Notes | F20: Arizona | G20: Values in AF | I20: Notes | K20: Arizona | L20: Values in AF | N20: Notes
A21: Basic apportionment | B21: 2800000 | F21: Basic apportionment | G21: 2800000 | K21: Basic apportionment | L21: 2800000
A22: Shortage volume (IF YEAR 1) | B22: 0 | F22: Shortage volume (IF YEAR 1) | G22: 0 | K22: Shortage volume (IF YEAR 1) | L22: 0
A23: CAP - Storage of NV unused | B23: 0 | D23: CAP annual diversion of 0.808 maf | F23: CAP - Storage of NV unused | G23: 0 | I23: CAP annual diversion of 808 kaf | K23: CAP - Storage of NV unused | L23: 0 | N23: CAP annual diversion of 808 kaf
A24: AZ - ICS (delivery or creation) | B24: 0 | F24: AZ - ICS (delivery or creation) | G24: 0 | K24: AZ - ICS (delivery or creation) | L24: 0
A25: Estimated payback(s) | B25: 0 | F25: Estimated payback(s) | G25: 0 | K25: Estimated payback(s) | L25: 0
A26: PSCP (BHC 2) | B26: -3052 | F26: PSCP (BHC 2) | G26: =B26 -> -3052 | K26: PSCP (BHC 2) | L26: =B26 -> -3052
A27: AZ - System Water | B27: =-SUM('System Conservation'!V2+'System Conservation'!AD2) -> -308313 | D27: See System Conservation tab | F27: AZ - System Water | G27: =B27 -> -308313 | I27: See System Conservation tab | K27: AZ - System Water | L27: =B27 -> -308313 | N27: See System Conservation tab
A28: Estimated AZ adjusted apportionment for Model Input Outyears | B28: =SUM(B21:B27) -> 2488635 | F28: Estimated AZ adjusted apportionment for Model Input Outyears | G28: =SUM(G21:G27) -> 2488635 | K28: Estimated AZ adjusted apportionment for Model Input Outyears | L28: =SUM(L21:L27) -> 2488635
A29: DCP Contribution | B29: -192000 | D29: 192 kaf DCP contribution with 0 af DCP ICS | F29: DCP Contribution | G29: -192000 | I29: 192 kaf DCP contribution with 50 KAF of DCP ICS | K29: DCP Contribution | L29: -192000 | N29: 192 kaf DCP contribution with 0 kaf DCP ICS
A30: CAWCD ICS creation/delivery | B30: 0 | F30: CAWCD ICS creation/delivery | G30: 0 | K30: CAWCD ICS creation/delivery | L30: 0
A31: Shortage Volume if Outyear | B31: -320000 | D31: shortage volume | F31: Shortage Volume if Outyear | G31: -320000 | I31: shortage volume | K31: Shortage Volume if Outyear | L31: -320000
A32: Modeled AZ state total for year 1 | B32: =SUM(B28:B31) -> 1976635 | F32: Modeled AZ state total for year 1 | G32: =SUM(G28:G31) -> 1976635 | K32: Modeled AZ state total for year 1 | L32: =SUM(L28:L31) -> 1976635
A33: Unused - interstate banking | B33: 0 | F33: Unused - interstate banking | G33: 0 | K33: Unused - interstate banking | L33: 0
A34: Unused - left in system | B34: 0 | F34: Unused - left in system | G34: 0 | K34: Unused - left in system | L34: 0
A35: ICS converted to system water due to full bank | B35: 18959 | D35: DCP ICS converted to system water due to full bank | K35: ICS converted to system water due to full bank | L35: 18959 | N35: Conversion of DCPICS to system water to make room for BICS
A36: Nevada | D36: Notes | F36: Nevada | I36: Notes | K36: Nevada | N36: Notes
A37: Basic apportionment | B37: 300000 | F37: Basic apportionment | G37: 300000 | K37: Basic apportionment | L37: 300000
A38: Nevada shortage volume | B38: -13000 | F38: Nevada shortage volume | G38: -13000 | K38: Nevada shortage volume | L38: -13000
A39: SNWA - ICS delivery or creation | B39: 0 | D39: Create 0 | F39: SNWA - ICS Creation | G39: 0 | K39: SNWA - ICS Creation | L39: 0 | N39: intended ICS creation with 199 kaf demand - none created due to full bank
A40: System Conservation (in additon to tributary) | B40: -89000 | D40: Total system conservation is this plus tributary (124 kaf) | F40: System Conservation (in additon to tributary) | G40: -79000 | I40: Total system conservation is this plus tributary (114 kaf) | K40: System Conservation (in additon to tributary) | L40: -99000 | N40: Total system conservation is this plus tributary (134 kaf)
A41: DSS taken during shortage | B41: 0 | D41: intended EC ICS creation delivered due to full ICS banks | F41: DSS taken during shortage | G41: 0 | K41: DSS taken during shortage | L41: 0
A42: Estimated NV adjusted apportionment | B42: =SUM(B37:B41) -> 198000 | F42: Estimated NV adjusted apportionment | G42: =G37+G39+G41+G38+G40 -> 208000 | K42: Estimated NV adjusted apportionment | L42: =L37+L39+L41+L38+L40 -> 188000
A43: Shortage Volume | B43: -13000 | D43: reflected as a decrease in ICS creation - no impact to diversion | F43: Shortage Reduction | G43: 0 | I43: reflected as a decrease in ICS creation - no impact to diversion | K43: Shortage Reduction | L43: 0
A44: DCP Contribution | B44: 0 | D44: Paper water conversion of -8,000 AF DCP | F44: SNWA - Estimated unused | G44: 0 | I44: Paper water conversion of -8,000 AF DCP | K44: SNWA - Estimated unused | L44: 0 | N44: Paper water conversion of -8,000 AF DCP
A45: Modeled NV state total for Input | B45: =B42+B50+B51+B53 -> 198000 | D45: SNWA annual use of 188 kaf | F45: Modeled NV state total | G45: =G42+G50+G51 -> 208000 | I45: SNWA annual use of 198 kaf | K45: Modeled NV state total | L45: =L42+L50+L51+L53 -> 188000 | N45: SNWA annual use of 178 kaf
A46: Unused - interstate banking | B46: 0 | F46: Unused - interstate banking | G46: 0 | K46: Unused - interstate banking | L46: 0
A47: Unused - left in system | B47: 0 | F47: Unused - left in system | G47: 0 | K47: Unused - left in system | L47: 0
A48: PSCP water - left in system | B48: 0 | F48: PSCP water - left in system | G48: 0 | K48: PSCP water - left in system | L48: 0
A49: Tributary Conservation | B49: 35000 | F49: ICS creation - left in system | G49: 35000 | I49: Tributary System Conservation | K49: Tributary conservation - left in system | L49: 35000 | N49: 35 kaf Tributary conservation
A50: ICS delivered due to full bank | B50: 0 | F50: ICS delivered due to full bank | G50: 0 | K50: ICS delivered due to full bank | L50: 0 | N50: existing EC-ICS creation
A51: Intended Tributary Vacated Due to full bank | B51: 0 | F51: Intended Tributary Vacated Due to full bank | G51: 0 | K51: Intended Tributary Vacated Due to full bank | L51: 0 | N51: system water
A52: ICS converted to system water due to full bank | B52: =8000+20362 -> 28362 | D52: 8000 AF DCP +20362 EC | F52: ICS converted to system water due to full bank | G52: 0 | K52: ICS converted to system water due to full bank | L52: 28362 | N52: 8000 AF DCP +20362 EC
A53: Intended ICS creation delivered due to full bank | B53: 0 | K53: Intended ICS creation delivered due to full bank | L53: 0
A54: Projected Lower Basin Use (U.S. contractors only) | B54: =SUM(B15,B32,B45) -> 6219490 | F54: Projected Lower Basin Use (U.S. contractors only) | G54: =SUM(G15,G32,G45) -> 6462491 | K54: Projected Lower Basin Use (U.S. contractors only) | L54: =SUM(L15,L32,L45) -> 6186881
A55: Mexico Use | B55: =1500000-50000-30000-67000-70689+21647 -> 1303958 | D55: MX BNWSCP contribution of 30 KAF & shortage 50 KAF & system conservation of 0 kaf. Water Reserve creation of 137689 AF. Water Reserve Delivery of 21.647 KAF | F55: Mexico Use | G55: =1500000-50000-30000-67000-70689+21647 -> 1303958 | I55: MX BNWSCP contribution of 30 KAF & shortage 50 KAF & system conservation of 0 kaf. Water Reserve creation of 137689 AF. Water Reserve Delivery of 21.647 KAF | K55: Mexico Use | L55: =1500000-50000-30000-67000-70689+21647 -> 1303958 | N55: MX BNWSCP contribution of 30 KAF & shortage 50 KAF & system conservation of 0 kaf. Water Reserve creation of 137689 AF. Water Reserve Delivery of 21.647 KAF
A56: Total Basin Use | B56: =B54+B55 -> 7523448 | F56: Total Basin Use | G56: =G54+G55 -> 7766449 | K56: Total Basin Use | L56: =L54+L55 -> 7490839
D65: MX BNWSCP contribution of 30 KAF & shortage 50 KAF & system conservation of 120.596 kaf. Water Reserve creation of 70689 AF. Water Reserve Delivery of 21.647 KAF

Sheet 2027
A1: Calendar Year 2027 Water Use Projections | B1: =952581-950000 -> 2581 | D1: =424/0.9 -> 471.11111 | F1: Calendar Year 2027 Water Use Projections | G1: =1117072+1140000 -> 2257072 | K1: Calendar Year 2027 Water Use Projections | L1: =45259/2 -> 22629.5
A2: Most Probable Inflow | D2: =44271+8991-(573/0.9) -> 52625.333 | F2: Probable Minimum Inflow | G2: =1140000-1112703 -> 27297 | K2: Probable Maximum Inflow | N2: =(49054)/0.9 -> 54504.444
A3: Projected Operating Condition - Level 1 Shortage (1050-1075) | F3: Projected Operating Condition - Level 1 Shortage (1050-1075) | K3: Projected Operating Condition - Level 1 Shortage (1050-1075)
A5: California | B5: Values in AF | D5: Notes | F5: California | G5: Values in AF | I5: Notes | K5: California | L5: Values in AF | N5: Notes
A6: Basic apportionment | B6: 4400000 | F6: Basic apportionment | G6: 4400000 | K6: Basic apportionment | L6: 4400000
A7: MWD - Storage of NV unused | B7: =B33+B46 -> 0 | F7: MWD - Storage of NV unused | G7: =G33+G46 -> 0 | K7: MWD - Storage of NV unused | L7: 0
A8: MWD - ICS (delivery or creation) | B8: 0 | D8: MWD annual diversion = 890 (target is 870 but ICS bank is full) | F8: MWD - ICS (delivery or creation) | G8: =200000+27297+22928 -> 250225 | I8: MWD Diversion of 1.14 Maf | K8: MWD - ICS (delivery or creation) | L8: 0 | N8: MWD annual diversion = 890 kaf (demand is 615 but bank is full)
A9: IID - ICS (delivery or creation) | D9: Based on anticipated ICS plan | F9: IID - ICS (delivery or creation) | G9: 0 | K9: IID - ICS (delivery or creation) | L9: 0 | N9: Based on anticipated ICS plan
A10: MWD B2 System Conservation | F10: MWD B2 System Conservation | K10: MWD B2 System Conservation | L10: 0
A11: California- Water left in Mead | F11: California- Water left in Mead | K11: California- Water left in Mead
A12: System Conservation | B12: =-'System Conservation'!AM2 -> 0 | F12: System Conservation | G12: =B12 -> 0 | K12: System Conservation | L12: =-'System Conservation'!AM2 -> 0
A13: PSCP (Needles) | B13: -145 | F13: PSCP (Needles) | G13: -145 | K13: PSCP (Needles) | L13: -145
A14: Estimated CA adjusted apportionment | B14: =SUM(B6:B13) -> 4399855 | F14: Estimated CA adjusted apportionment | G14: =SUM(G6:G13) -> 4650080 | K14: Estimated CA adjusted apportionment | L14: =SUM(L6:L13) -> 4399855
A15: Modeled CA state total | B15: =B14+B16 -> 4399855 | F15: Modeled CA state total | G15: =G14+G16 -> 4650080 | K15: Modeled CA state total | L15: =L14+L16 -> 4399855
A16: Unused - interstate banking | B16: 0 | F16: Unused - interstate banking | G16: 0 | K16: Unused - interstate banking | L16: 0
A17: Unused - left in system | B17: 0 | F17: Unused - left in system | G17: 0 | K17: Unused - left in system | L17: 0
K18: Vacated ICS | N18: Vacate ECIS to make space for binational
K19: Modeled CA state total | L19: =L15+L18 -> 4399855
A20: Arizona | B20: Values in AF | D20: Notes | F20: Arizona | G20: Values in AF | I20: Notes | K20: Arizona | L20: Values in AF | N20: Notes
A21: Basic apportionment | B21: 2800000 | D21: =50000-1604/0.9 -> 48217.778 | F21: Basic apportionment | G21: 2800000 | K21: Basic apportionment | L21: 2800000
A22: Shortage volume (IF YEAR 1) | B22: 0 | F22: Shortage volume (IF YEAR 1) | G22: 0 | K22: Shortage volume (IF YEAR 1) | L22: 0
A23: CAP - Storage of NV unused | B23: 0 | D23: CAP annual diversion of 978 | F23: CAP - Storage of NV unused | G23: 0 | I23: CAP annual diversion of 985 kaf | K23: CAP - Storage of NV unused | L23: 0 | N23: CAP annual diversion of 978 maf
A24: AZ - ICS (delivery or creation) | B24: 0 | F24: AZ - ICS (delivery or creation) | G24: 0 | K24: AZ - ICS (delivery or creation) | L24: 0
A25: Estimated payback(s) | B25: 0 | F25: Estimated payback(s) | G25: 0 | K25: Estimated payback(s) | L25: 0
A26: PSCP (BHC 2) | B26: 0 | F26: PSCP (BHC 2) | G26: =B26 -> 0 | K26: PSCP (BHC 2) | L26: =B26 -> 0
A27: AZ - System Water | B27: =-SUM('System Conservation'!W2+'System Conservation'!AE2) -> -74805 | D27: See System Conservation tab | F27: AZ - System Water | G27: =B27 -> -74805 | I27: See System Conservation tab | K27: AZ - System Water | L27: =B27 -> -74805 | N27: See System Conservation tab
A28: Estimated AZ adjusted apportionment for Model Input Outyears | B28: =SUM(B21:B27) -> 2725195 | F28: Estimated AZ adjusted apportionment for Model Input Outyears | G28: =SUM(G21:G27) -> 2725195 | K28: Estimated AZ adjusted apportionment for Model Input Outyears | L28: =SUM(L21:L27) -> 2725195
A29: DCP Contribution | B29: -192000 | D29: 192 kaf DCP contribution with 50 kaf DCP ICS | F29: DCP Contribution | G29: -192000 | I29: 192 kaf DCP contribution with 50 KAF of DCP CIS | K29: DCP Contribution | L29: -192000 | N29: 192 kaf DCP contribution with 50 kaf DCP ICS
A30: CAWCD ICS creation/delivery | B30: 45259 | D30: Post 2026 ICS Delivery Logic (45,259 af) | F30: CAWCD ICS creation/delivery | G30: 52390 | I30: Post 2026 ICS Delivery Logic (52,390) | K30: CAWCD ICS creation/delivery | L30: 45259 | N30: Post-2026 delivery
A31: Shortage Volume if Outyear | B31: -320000 | D31: shortage volume | F31: Shortage Volume if Outyear | G31: -320000 | I31: shortage volume | K31: Shortage Volume if Outyear | L31: -320000 | N31: shortage volume
A32: Modeled AZ state total | B32: =SUM(B28:B31) -> 2258454 | F32: Modeled AZ state total | G32: =SUM(G28:G31) -> 2265585 | K32: Modeled AZ state total | L32: =SUM(L28:L31) -> 2258454
A33: Unused - interstate banking | B33: 0 | F33: Unused - interstate banking | G33: 0 | K33: Unused - interstate banking | L33: 0
A34: Unused - left in system | B34: 0 | F34: Unused - left in system | G34: 0 | K34: Unused - left in system | L34: 0
A35: ICS converted to system water due to full bank | B35: 0 | D35: DCP ICS converted to system water due to full bank | K35: ICS converted to system water due to full bank | L35: 0 | N35: Conversion of DCPICS to system water to make room for BICS
A36: Nevada | D36: Notes | F36: Nevada | I36: Notes | K36: Nevada | N36: Notes
A37: Basic apportionment | B37: 300000 | F37: Basic apportionment | G37: 300000 | K37: Basic apportionment | L37: 300000
A38: Nevada shortage volume | B38: -13000 | F38: Nevada shortage volume | G38: -13000 | K38: Nevada shortage volume | L38: -13000
A39: SNWA - ICS delivery or creation | B39: -89000 | D39: intended ICS creation with 198 kaf demand - 9177 AF created due to full bank | F39: SNWA - ICS Creation | G39: -79000 | K39: SNWA - ICS Creation | L39: -99000 | N39: intended ICS creation with 188 kaf demand, 9177 created due to full bank
A40: System Conservation (in additon to tributary) | D40: Total system conservation is this plus tributary (35 kaf) | F40: System Conservation (in additon to tributary) | G40: 0 | I40: Total system conservation is this plus tributary (35 kaf) | K40: System Conservation (in additon to tributary) | L40: 0 | N40: 2027 conservation is only tributary (35 kaf)
A41: DSS taken during shortage | B41: 0 | D41: intended EC ICS creation delivered due to full ICS banks | F41: DSS taken during shortage | G41: 0 | K41: DSS taken during shortage | L41: 0
A42: Estimated NV adjusted apportionment | B42: =SUM(B37:B41) -> 198000 | F42: Estimated NV adjusted apportionment | G42: =G37+G39+G41+G38+G40 -> 208000 | K42: Estimated NV adjusted apportionment | L42: =L37+L39+L41+L38+L40 -> 188000
A43: Shortage Volume | B43: -13000 | D43: reflected as a decrease in ICS creation - no impact to diversion | F43: Shortage Reduction | G43: 0 | I43: reflected as a decrease in ICS creation - no impact to diversion | K43: Shortage Reduction | L43: 0
A44: DCP Contribution | B44: 0 | D44: Paper water conversion of -8,000 AF DCP | F44: SNWA - Estimated unused | G44: 0 | I44: Paper water conversion of -8,000 AF DCP | K44: SNWA - Estimated unused | L44: 0 | N44: Paper water conversion of -8,000 AF DCP
A45: Modeled NV state total for Input | B45: =B42+B50+B51+B53 -> 277823 | D45: SNWA annual use of 268 kaf | F45: Modeled NV state total | G45: =G42+G50+G51 -> 208000 | I45: SNWA annual use of 199 kaf | K45: Modeled NV state total | L45: =L42+L50+L51+L53 -> 277823 | N45: SNWA annual use of 268 kaf
A46: Unused - interstate banking | B46: 0 | F46: Unused - interstate banking | G46: 0 | K46: Unused - interstate banking | L46: 0
A47: Unused - left in system | B47: 0 | F47: Unused - left in system | G47: 0 | K47: Unused - left in system | L47: 0
A48: PSCP water - left in system | B48: 0 | F48: PSCP water - left in system | G48: 0 | K48: PSCP water - left in system | L48: 0
A49: Tributary Conservation | B49: 35000 | F49: ICS creation - left in system | G49: 35000 | I49: Tributary System Conservation | K49: Tributary conservation - left in system | L49: 35000 | N49: 35 kaf Tributary conservation
A50: ICS delivered due to full bank | B50: 0 | F50: ICS delivered due to full bank | G50: 0 | K50: ICS delivered due to full bank | L50: 0 | N50: existing EC-ICS creation
A51: Intended Tributary Vacated Due to full bank | B51: 0 | F51: Intended Tributary Vacated Due to full bank | G51: 0 | K51: Intended Tributary Vacated Due to full bank | L51: 0 | N51: system water
A52: ICS converted to system water due to full bank | B52: 8000 | F52: ICS converted to system water due to full bank | G52: 0 | K52: ICS converted to system water due to full bank | L52: 8000 | N52: 8000 AF DCP
A53: Intended ICS creation delivered due to full bank | B53: 79823 | K53: Intended ICS creation delivered due to full bank | L53: 89823
A54: Projected Lower Basin Use (U.S. contractors only) | B54: =SUM(B15,B32,B45) -> 6936132 | F54: Projected Lower Basin Use (U.S. contractors only) | G54: =SUM(G15,G32,G45) -> 7123665 | K54: Projected Lower Basin Use (U.S. contractors only) | L54: =SUM(L15,L32,L45) -> 6936132
A55: Mexico Use | B55: =1500000-50000-30000 -> 1420000 | D55: MX BNWSCP contribution of 30 KAF & shortage 50 KAF. | F55: Mexico Use | G55: =1500000-50000-30000 -> 1420000 | I55: MX BNWSCP contribution of 30 KAF & shortage 50 KAF | K55: Mexico Use | L55: =1500000-80000 -> 1420000 | N55: MX BNWSCP contribution of 30 KAF & shortage 50 KAF
A56: Total Basin Use | B56: =B54+B55 -> 8356132 | F56: Total Basin Use | G56: =G54+G55 -> 8543665 | K56: Total Basin Use | L56: =L54+L55 -> 8356132
B62: =17+35 -> 52

Sheet System Conservation
S1: CY2023 | T1: CY2024 | U1: CY2025 | V1: CY2026 | W1: CY2027 | AA1: CY2023 | AB1: CY2024 | AC1: CY2025 | AD1: CY2026 | AE1: CY2027 | AI1: CY2023 | AJ1: CY2024 | AK1: CY2025 | AL1: CY2026 | AM1: CY2027
B2: LC System Conservation Program | N2: 45077 | S2: =SUM(_xlfn.CHOOSECOLS(_xlfn.ANCHORARRAY(Q5),3)) -> 141400 | T2: =SUM(_xlfn.CHOOSECOLS(_xlfn.ANCHORARRAY(Q5),4)) -> 123400 | U2: =SUM(_xlfn.CHOOSECOLS(_xlfn.ANCHORARRAY(Q5),5)) -> 125503 | V2: =SUM(_xlfn.CHOOSECOLS(_xlfn.ANCHORARRAY(Q5),6)) -> 98800 | W2: =SUM(_xlfn.CHOOSECOLS(_xlfn.ANCHORARRAY(Q5),7)) -> 7224 | AA2: =SUM(_xlfn.CHOOSECOLS(_xlfn.ANCHORARRAY(Y5),3)) -> 178089 | AB2: =SUM(_xlfn.CHOOSECOLS(_xlfn.ANCHORARRAY(Y5),4)) -> 228190.5 | AC2: =SUM(_xlfn.CHOOSECOLS(_xlfn.ANCHORARRAY(Y5),5)) -> 234941.5 | AD2: =SUM(_xlfn.CHOOSECOLS(_xlfn.ANCHORARRAY(Y5),6)) -> 209513 | AE2: =SUM(_xlfn.CHOOSECOLS(_xlfn.ANCHORARRAY(Y5),7)) -> 67581 | AI2: =SUM(_xlfn.CHOOSECOLS(_xlfn.ANCHORARRAY(AG5),3)) -> 225618 | AJ2: =SUM(_xlfn.CHOOSECOLS(_xlfn.ANCHORARRAY(AG5),4)) -> 456096 | AK2: =SUM(_xlfn.CHOOSECOLS(_xlfn.ANCHORARRAY(AG5),5)) -> 428196 | AL2: =SUM(_xlfn.CHOOSECOLS(_xlfn.ANCHORARRAY(AG5),6)) -> 377609 | AM2: =SUM(_xlfn.CHOOSECOLS(_xlfn.ANCHORARRAY(AG5),7)) -> 0
A4: No. | B4: Contractor | C4: Contract Number | D4: CY 2023 | E4: CY 2024 | F4: CY 2025 | G4: CY 2026 | H4: CY 2027 | I4: Total AF | J4: $/AF | K4: Total $ | L4: Status | M4: State | N4: Modeled | O4: Applies to SEIS ROD | Q4: {=_xlfn.CHOOSECOLS(Table1[#Headers],1,2,4,5,6,7,8)} -> No. | R4: Contractor | S4: CY 2023 | T4: CY 2024 | U4: CY 2025 | V4: CY 2026 | W4: CY 2027 | Y4: {=_xlfn.CHOOSECOLS(Table1[#Headers],1,2,4,5,6,7,8)} -> No. | Z4: Contractor | AA4: CY 2023 | AB4: CY 2024 | AC4: CY 2025 | AD4: CY 2026 | AE4: CY 2027 | AG4: {=_xlfn.CHOOSECOLS(Table1[#Headers],1,2,4,5,6,7,8)} -> No. | AH4: Contractor | AI4: CY 2023 | AJ4: CY 2024 | AK4: CY 2025 | AL4: CY 2026 | AM4: CY 2027
A5: 1 | B5: ASARCO | C5: 23-XX-30-W0752 | D5: 14000 | E5: 21000 | F5: 21000 | G5: 21000 | I5: =SUM(Table1[[#This Row],[CY 2023]:[CY 2026]]) -> 77000 | J5: 400 | K5: =I5*J5 -> 30800000 | L5: Executed July 6 | M5: AZ-CAWCD | N5: Yes | O5: Yes | Q5: {=_xlfn.CHOOSECOLS(_xlfn._xlws.FILTER(Table1[], (Table1[Modeled]="Yes")*(Table1[State] = "AZ-CAWCD")),1,2,4,5,6,7,8)} -> 1 | R5: ASARCO | S5: 14000 | T5: 21000 | U5: 21000 | V5: 21000 | W5: 0 | Y5: {=_xlfn.CHOOSECOLS(_xlfn._xlws.FILTER(Table1[], (Table1[Modeled]="Yes")*(Table1[State] <> "AZ-CAWCD")*(Table1[State] <> "CA")*(Table1[State] <> "CA-Tribe")),1,2,4,5,6,7,8)} -> 9 | Z5: FMYN | AA5: 13933 | AB5: 13933 | AC5: 13933 | AD5: 13933 | AE5: 0 | AG5: {=_xlfn.CHOOSECOLS(_xlfn._xlws.FILTER(Table1[], (Table1[Modeled]="Yes")*(Table1[State] = "CA")),1,2,4,5,6,7,8)} -> 14 | AH5: CVWD Grd Wtr Replnt | AI5: 35000 | AJ5: 35000 | AK5: 35000 | AL5: 35000 | AM5: 0
A6: 2 | B6: Gilbert | C6: 23-XX-30-W0759 | D6: 1200 | E6: 800 | F6: 800 | G6: 1600 | H6: 767 | I6: =SUM(Table1[[#This Row],[CY 2023]:[CY 2026]]) -> 4400 | J6: 400 | K6: =I6*J6 -> 1760000 | L6: Executed June 28 | M6: AZ-CAWCD | N6: Yes | O6: Yes | Q6: 2 | R6: Gilbert | S6: 1200 | T6: 800 | U6: 800 | V6: 1600 | W6: 767 | Y6: 10 | Z6: GRIC | AA6: 91319 | AB6: 125000 | AC6: 119561 | AD6: 75363 | AE6: 67581 | AG6: 18 | AH6: IID 2023-2026 | AI6: 106111 | AJ6: 257640 | AK6: 250000 | AL6: 192360 | AM6: 0
A7: 3 | B7: Glendale | C7: 23-XX-30-W0778 | D7: 7000 | E7: 1000 | F7: =7000-2897 -> 4103 | G7: 7000 | I7: =SUM(Table1[[#This Row],[CY 2023]:[CY 2026]]) -> 19103 | J7: 400 | K7: =I7*J7 -> 7641200 | L7: Executed July 10 | M7: AZ-CAWCD | N7: Yes | O7: Yes | Q7: 3 | R7: Glendale | S7: 7000 | T7: 1000 | U7: 4103 | V7: 7000 | W7: 0 | Y7: 11 | Z7: SCAT | AA7: 23804 | AB7: 23451 | AC7: 23451 | AD7: 23451 | AE7: 0 | AG7: 20 | AH7: Bard | AI7: 0 | AJ7: 5700 | AK7: 9286 | AL7: 11400 | AM7: 0
A8: 4 | B8: Metro Water Dist | C8: 23-XX-30-W0757 | D8: 5000 | E8: 5000 | F8: 5000 | G8: 5000 | I8: =SUM(Table1[[#This Row],[CY 2023]:[CY 2026]]) -> 20000 | J8: 400 | K8: =I8*J8 -> 8000000 | L8: Executed May 24 | M8: AZ-CAWCD | N8: Yes | O8: Yes | Q8: 4 | R8: Metro Water Dist | S8: 5000 | T8: 5000 | U8: 5000 | V8: 5000 | W8: 0 | Y8: 12 | Z8: GM Gabrych/Matador | AA8: 3240 | AB8: 3240 | AC8: 3240 | AD8: 3240 | AE8: 0 | AG8: 21 | AH8: Quechan | AI8: 13000 | AJ8: 13000 | AK8: 13000 | AL8: 13000 | AM8: 0
A9: 5 | B9: Peoria | C9: 23-XX-30-W0753 | D9: 7200 | E9: 7200 | F9: 7200 | G9: 5000 | I9: =SUM(Table1[[#This Row],[CY 2023]:[CY 2026]]) -> 26600 | J9: 400 | K9: =I9*J9 -> 10640000 | L9: Executed May 26 | M9: AZ-CAWCD | N9: Yes | O9: Yes | Q9: 5 | R9: Peoria | S9: 7200 | T9: 7200 | U9: 7200 | V9: 5000 | W9: 0 | Y9: 13 | Z9: MVIDD | AA9: 12812 | AB9: 13293 | AC9: 13694 | AD9: 14184 | AE9: 0 | AG9: 22 | AH9: CVWD Fallowing | AI9: 0 | AJ9: 725 | AK9: 3889 | AL9: 6511 | AM9: 0
A10: 6 | B10: Phoenix | C10: 23-XX-30-W0754 | D10: 50000 | E10: 50000 | F10: 50000 | I10: =SUM(Table1[[#This Row],[CY 2023]:[CY 2026]]) -> 150000 | J10: 400 | K10: =I10*J10 -> 60000000 | L10: Executed June 21 | M10: AZ-CAWCD | N10: Yes | O10: Yes | Q10: 6 | R10: Phoenix | S10: 50000 | T10: 50000 | U10: 50000 | V10: 0 | W10: 0 | Y10: 15 | Z10: Cathcart | AA10: 57 | AB10: 60.5 | AC10: 60.5 | AD10: 61 | AE10: 0 | AG10: 25 | AH10: PVID | AI10: 71507 | AJ10: 117021 | AK10: 117021 | AL10: 119338 | AM10: 0
A11: 7 | B11: Scottsdale | C11: 23-XX-30-W0755 | D11: 7000 | E11: 6000 | F11: 5000 | G11: 4000 | H11: 2800 | I11: =SUM(Table1[[#This Row],[CY 2023]:[CY 2026]]) -> 22000 | J11: 400 | K11: =I11*J11 -> 8800000 | L11: Executed July 18 | M11: AZ-CAWCD | N11: Yes | O11: Yes | Q11: 7 | R11: Scottsdale | S11: 7000 | T11: 6000 | U11: 5000 | V11: 4000 | W11: 2800 | Y11: 16 | Z11: YMIDD | AA11: 21556 | AB11: 21657 | AC11: 23615 | AD11: 23893 | AE11: 0 | AG11: 26 | AH11: MWD (B2) | AI11: 0 | AJ11: 27010 | AK11: 0 | AL11: 0 | AM11: 0
A12: 8 | B12: Tucson | C12: 23-XX-30-W0756 | D12: 50000 | E12: 30000 | F12: 30000 | G12: 52800 | H12: 3657 | I12: =SUM(Table1[[#This Row],[CY 2023]:[CY 2026]]) -> 162800 | J12: 400 | K12: =I12*J12 -> 65120000 | L12: Executed May 24 | M12: AZ-CAWCD | N12: Yes | O12: Yes | Q12: 8 | R12: Tucson | S12: 50000 | T12: 30000 | U12: 30000 | V12: 52800 | W12: 3657 | Y12: 17 | Z12: CVIDD | AA12: 1682 | AB12: 2328 | AC12: 2328 | AD12: 2329 | AE12: 0
A13: 9 | B13: FMYN | C13: 23-XX-30-W0750 | D13: 13933 | E13: 13933 | F13: 13933 | G13: 13933 | I13: =SUM(Table1[[#This Row],[CY 2023]:[CY 2026]]) -> 55732 | J13: 400 | K13: =J13*I13 -> 22292800 | L13: Executed March 10 | M13: AZ-Tribe | N13: Yes | O13: Yes | Q13: 24 | R13: Spanish Trail Water Company | S13: 0 | T13: 2400 | U13: 2400 | V13: 2400 | W13: 0 | Y13: 19 | Z13: Hopi | AA13: 2679 | AB13: 3059 | AC13: 3059 | AD13: 3059 | AE13: 0
A14: 10 | B14: GRIC | C14: 23-XX-30-W0760 | D14: 91319 | E14: 125000 | F14: 119561 | G14: 75363 | H14: 67581 | I14: =SUM(Table1[[#This Row],[CY 2023]:[CY 2026]]) -> 411243 | J14: 400 | K14: =I14*J14 -> 164497200 | L14: Executed April 6 | M14: AZ-Tribe | N14: Yes | O14: Yes | Y14: 23 | Z14: 242 Wellfield | AA14: 7007 | AB14: 22169 | AC14: 32000 | AD14: 50000 | AE14: 0
A15: 11 | B15: SCAT | C15: 23-XX-30-W0765 | D15: 23804 | E15: 23451 | F15: 23451 | G15: 23451 | I15: =SUM(Table1[[#This Row],[CY 2023]:[CY 2026]]) -> 94157 | J15: 330 | K15: =I15*J15 -> 31071810 | L15: Executed July 3 | M15: AZ-Tribe | N15: Yes | O15: Yes
B16: TON | C16: 23-XX-30-W0751 | E16: 0 | F16: 0 | I16: =SUM(Table1[[#This Row],[CY 2023]:[CY 2026]]) -> 0 | K16: =I16*J16 -> 0 | L16: PXAO developing a firming agreement with TON instead of a SCIA. | M16: AZ-Tribe | N16: No
A17: 12 | B17: GM Gabrych/Matador | C17: 23-XX-30-W0774 | D17: 3240 | E17: 3240 | F17: 3240 | G17: 3240 | I17: =SUM(Table1[[#This Row],[CY 2023]:[CY 2026]]) -> 12960 | J17: 400 | K17: =I17*J17 -> 5184000 | L17: Executed June 6 | M17: AZ-Other | N17: Yes | O17: Yes
A18: 13 | B18: MVIDD | C18: 23-XX-30-W0770 | D18: 12812 | E18: 13293 | F18: 13694 | G18: 14184 | I18: =SUM(Table1[[#This Row],[CY 2023]:[CY 2026]]) -> 53983 | J18: 400 | K18: TBD | L18: Executed August 16 | M18: AZ-Other | N18: Yes | O18: Yes
A19: 14 | B19: CVWD Grd Wtr Replnt | C19: 23-XX-30-W0764 | D19: 35000 | E19: 35000 | F19: 35000 | G19: 35000 | I19: =SUM(Table1[[#This Row],[CY 2023]:[CY 2026]]) -> 140000 | J19: 400 | K19: =I19*J19 -> 56000000 | L19: Executed July 24 | M19: CA | N19: Yes | O19: Yes
A20: 15 | B20: Cathcart | C20: 23-XX-30-W0776 | D20: 57 | E20: 60.5 | F20: 60.5 | G20: 61 | I20: =SUM(Table1[[#This Row],[CY 2023]:[CY 2026]]) -> 239 | J20: 400 | K20: =I20*J20 -> 95600 | L20: Executed August 16 | M20: AZ-Other | N20: Yes | O20: Yes
A21: 16 | B21: YMIDD | C21: 23-XX-30-W0769 | D21: 21556 | E21: 21657 | F21: 23615 | G21: 23893 | I21: =SUM(Table1[[#This Row],[CY 2023]:[CY 2026]]) -> 90721 | L21: Executed August 16 | M21: AZ-Other | N21: Yes | O21: Yes
A22: 17 | B22: CVIDD | C22: 23-XX-30-W0771 | D22: 1682 | E22: 2328 | F22: 2328 | G22: 2329 | I22: =SUM(Table1[[#This Row],[CY 2023]:[CY 2026]]) -> 8667 | L22: Executed July 5 | M22: AZ-Other | N22: Yes | O22: Yes
A23: 18 | B23: IID 2023-2026 | D23: 106111 | E23: 257640 | F23: 250000 | G23: 192360 | I23: =SUM(Table1[[#This Row],[CY 2023]:[CY 2026]]) -> 806111 | L23: Executed TBD | M23: CA | N23: Yes | O23: Yes
A24: 19 | B24: Hopi | C24: 23-Xx-30-W0779 | D24: 2679 | E24: 3059 | F24: 3059 | G24: 3059 | I24: =SUM(Table1[[#This Row],[CY 2023]:[CY 2026]]) -> 11856 | L24: Executed October 27 | M24: AZ-Other | N24: Yes | O24: Yes
A25: 20 | B25: Bard | C25: 23-XX-30-W0773 | E25: 5700 | F25: 9286 | G25: 11400 | I25: =SUM(Table1[[#This Row],[CY 2023]:[CY 2026]]) -> 26386 | L25: TBD | M25: CA | N25: Yes | O25: Yes
A26: 21 | B26: Quechan | C26: 23-XX-30-W0783 | D26: 13000 | E26: 13000 | F26: 13000 | G26: 13000 | I26: =SUM(Table1[[#This Row],[CY 2023]:[CY 2026]]) -> 52000 | L26: Quechan Tribe, MWD, and US intend to execute SCIA at CRWUA. | M26: CA | N26: Yes | O26: Yes
A27: 22 | B27: CVWD Fallowing | E27: 725 | F27: 3889 | G27: 6511 | I27: =SUM(Table1[[#This Row],[CY 2023]:[CY 2026]]) -> 11125 | L27: Technical information to be developed for on-farm efficiency activity that CVWD will use as well as fallowing. | M27: CA | N27: Yes
A28: 23 | B28: 242 Wellfield | D28: 7007 | E28: 22169 | F28: 32000 | G28: 50000 | I28: =SUM(Table1[[#This Row],[CY 2023]:[CY 2026]]) -> 111176 | L28: Executed | M28: AZ-Other | N28: Yes | O28: Yes
A29: 24 | B29: Spanish Trail Water Company | D29: 0 | E29: 2400 | F29: 2400 | G29: 2400 | I29: =SUM(Table1[[#This Row],[CY 2023]:[CY 2026]]) -> 7200 | L29: SCIA sent to Spanish Trail for review July 18. Spanish Trail has indicated it concurs with the SCIA and has no comments or changes. | M29: AZ-CAWCD | N29: Yes
A30: 25 | B30: PVID | D30: 71507 | E30: 117021 | F30: 117021 | G30: =83272+36066 -> 119338 | I30: =SUM(Table1[[#This Row],[CY 2023]:[CY 2026]]) -> 424887 | L30: Executed | M30: CA | N30: Yes | O30: Yes
A31: 26 | B31: MWD (B2) | E31: 27010 | I31: =SUM(Table1[[#This Row],[CY 2023]:[CY 2026]]) -> 27010 | L31: Pending | M31: CA | N31: Yes | O31: Yes
S32: 2023 | T32: 2024 | U32: 2025 | V32: 2026
R33: Total | S33: =SUM(S2,AA2,AI2) -> 545107 | T33: =SUM(T2,AB2,AJ2) -> 807686.5 | U33: =SUM(U2,AC2,AK2) -> 788640.5 | V33: =SUM(V2,AD2,AL2) -> 685922
R35: Cummulative | S35: =S33 -> 545107 | T35: =S35+T33 -> 1352793.5 | U35: =T35+U33 -> 2141434 | V35: =U35+V33 -> 2827356
R38: Feet | S38: =S35/77000 -> 7.0793117 | T38: =T35/77000 -> 17.568747 | U38: =U35/77000 -> 27.810831 | V38: =V35/77000 -> 36.718909
R41: IID | S41: =700000/77000 -> 9.0909091

Sheet SysCon SummaryTable
W2: State | X2: LCB Water Entitlement Holder/Tribe | Y2: 2023 | Z2: 2024 | AA2: 2025 | AB2: 2026 | AC2: Total
E3: Conservation Activity (AF) | F3: 2023 | G3: 2024 | H3: 2025 | I3: 2026 | K3: Total | W3: AZ | X3: Central Arizona Project (CAP) Other Conserved Water | Y3: 41776 | Z3: 0 | AA3: 0 | AB3: 0 | AC3: =SUM(Y3:AB3) -> 41776
A4: =MATCH(E4,$E$28:$E$47,0) -> 1 | E4: CAP System Conservation Agreements | F4: {=SUM(_xlfn._xlws.FILTER(Table1[CY 2023], (Table1[Modeled]="Yes")*(Table1[State] = "AZ-CAWCD")))} -> 141400 | G4: {=SUM(_xlfn._xlws.FILTER(Table1[CY 2024], (Table1[Modeled]="Yes")*(Table1[State] = "AZ-CAWCD")))} -> 123400 | H4: {=SUM(_xlfn._xlws.FILTER(Table1[CY 2025], (Table1[Modeled]="Yes")*(Table1[State] = "AZ-CAWCD")))} -> 125503 | I4: {=SUM(_xlfn._xlws.FILTER(Table1[CY 2026], (Table1[Modeled]="Yes")*(Table1[State] = "AZ-CAWCD")))} -> 98800 | K4: =SUM(F4:I4) -> 489103 | X4: CAP Subcontractors System Conservation Water (SCW) | Y4: {=SUM(_xlfn._xlws.FILTER(Table1[CY 2023], (Table1[Modeled]="Yes")*(Table1[State] = "AZ-CAWCD")))} -> 141400 | Z4: {=SUM(_xlfn._xlws.FILTER(Table1[CY 2024], (Table1[Modeled]="Yes")*(Table1[State] = "AZ-CAWCD")))} -> 123400 | AA4: {=SUM(_xlfn._xlws.FILTER(Table1[CY 2025], (Table1[Modeled]="Yes")*(Table1[State] = "AZ-CAWCD")))} -> 125503 | AB4: {=SUM(_xlfn._xlws.FILTER(Table1[CY 2026], (Table1[Modeled]="Yes")*(Table1[State] = "AZ-CAWCD")))} -> 98800 | AC4: =SUM(Y4:AB4) -> 489103
A5: =MATCH(E5,$E$28:$E$47,0) -> 4 | E5: Fort McDowell Yavapai Nation System Conservation | F5: {=_xlfn._xlws.FILTER(Table1[CY 2023],(Table1[Contractor]="FMYN"))} -> 13933 | G5: {=_xlfn._xlws.FILTER(Table1[CY 2024],(Table1[Contractor]="FMYN"))} -> 13933 | H5: {=_xlfn._xlws.FILTER(Table1[CY 2025],(Table1[Contractor]="FMYN"))} -> 13933 | I5: {=_xlfn._xlws.FILTER(Table1[CY 2026],(Table1[Contractor]="FMYN"))} -> 13933 | K5: =SUM(F5:I5) -> 55732 | X5: Cathcart Farms SCW | Y5: {=_xlfn._xlws.FILTER(Table1[CY 2023],(Table1[Contractor]="Cathcart"))} -> 57 | Z5: {=_xlfn._xlws.FILTER(Table1[CY 2024],(Table1[Contractor]="Cathcart"))} -> 60.5 | AA5: {=_xlfn._xlws.FILTER(Table1[CY 2025],(Table1[Contractor]="Cathcart"))} -> 60.5 | AB5: {=_xlfn._xlws.FILTER(Table1[CY 2026],(Table1[Contractor]="Cathcart"))} -> 61 | AC5: =SUM(Y5:AB5) -> 239
A6: =MATCH(E6,$E$28:$E$47,0) -> 9 | E6: San Carlos Apache Tribe System Conservation | F6: {=_xlfn._xlws.FILTER(Table1[CY 2023],(Table1[Contractor]="SCAT"))} -> 23804 | G6: {=_xlfn._xlws.FILTER(Table1[CY 2024],(Table1[Contractor]="SCAT"))} -> 23451 | H6: {=_xlfn._xlws.FILTER(Table1[CY 2025],(Table1[Contractor]="SCAT"))} -> 23451 | I6: {=_xlfn._xlws.FILTER(Table1[CY 2026],(Table1[Contractor]="SCAT"))} -> 23451 | K6: =SUM(F6:I6) -> 94157 | X6: Cibola Valley Irrigation & Drainage District SCW | Y6: {=_xlfn._xlws.FILTER(Table1[CY 2023],(Table1[Contractor]="CVIDD"))} -> 1682 | Z6: {=_xlfn._xlws.FILTER(Table1[CY 2024],(Table1[Contractor]="CVIDD"))} -> 2328 | AA6: {=_xlfn._xlws.FILTER(Table1[CY 2025],(Table1[Contractor]="CVIDD"))} -> 2328 | AB6: {=_xlfn._xlws.FILTER(Table1[CY 2026],(Table1[Contractor]="CVIDD"))} -> 2329 | AC6: =SUM(Y6:AB6) -> 8667
A7: =MATCH(E7,$E$28:$E$47,0) -> 12 | E7: Coachella Groundwater System Conservation | F7: {=_xlfn._xlws.FILTER(Table1[CY 2023],(Table1[Contractor]="CVWD Grd Wtr Replnt"))} -> 35000 | G7: {=_xlfn._xlws.FILTER(Table1[CY 2024],(Table1[Contractor]="CVWD Grd Wtr Replnt"))} -> 35000 | H7: {=_xlfn._xlws.FILTER(Table1[CY 2025],(Table1[Contractor]="CVWD Grd Wtr Replnt"))} -> 35000 | I7: {=_xlfn._xlws.FILTER(Table1[CY 2026],(Table1[Contractor]="CVWD Grd Wtr Replnt"))} -> 35000 | K7: =SUM(F7:I7) -> 140000 | X7: Fort McDowell Yavapai Nation SCW | Y7: {=_xlfn._xlws.FILTER(Table1[CY 2023],(Table1[Contractor]="FMYN"))} -> 13933 | Z7: {=_xlfn._xlws.FILTER(Table1[CY 2024],(Table1[Contractor]="FMYN"))} -> 13933 | AA7: {=_xlfn._xlws.FILTER(Table1[CY 2025],(Table1[Contractor]="FMYN"))} -> 13933 | AB7: {=_xlfn._xlws.FILTER(Table1[CY 2026],(Table1[Contractor]="FMYN"))} -> 13933 | AC7: =SUM(Y7:AB7) -> 55732
A8: =MATCH(E8,$E$28:$E$47,0) -> 13 | E8: Coachella Ag Conservation System Conservation | F8: {=_xlfn._xlws.FILTER(Table1[CY 2023],(Table1[Contractor]="CVWD Fallowing"))} -> 0 | G8: {=_xlfn._xlws.FILTER(Table1[CY 2024],(Table1[Contractor]="CVWD Fallowing"))} -> 725 | H8: {=_xlfn._xlws.FILTER(Table1[CY 2025],(Table1[Contractor]="CVWD Fallowing"))} -> 3889 | I8: {=_xlfn._xlws.FILTER(Table1[CY 2026],(Table1[Contractor]="CVWD Fallowing"))} -> 6511 | K8: =SUM(F8:I8) -> 11125 | X8: GM Gabrych Family Limited Partnership SCW | Y8: {=_xlfn._xlws.FILTER(Table1[CY 2023],(Table1[Contractor]="GM Gabrych/Matador"))} -> 3240 | Z8: {=_xlfn._xlws.FILTER(Table1[CY 2024],(Table1[Contractor]="GM Gabrych/Matador"))} -> 3240 | AA8: {=_xlfn._xlws.FILTER(Table1[CY 2025],(Table1[Contractor]="GM Gabrych/Matador"))} -> 3240 | AB8: {=_xlfn._xlws.FILTER(Table1[CY 2026],(Table1[Contractor]="GM Gabrych/Matador"))} -> 3240 | AC8: =SUM(Y8:AB8) -> 12960
A9: =MATCH(E9,$E$28:$E$47,0) -> 6 | E9: GRIC System Conservation | F9: {=_xlfn._xlws.FILTER(Table1[CY 2023],(Table1[Contractor]="GRIC"))} -> 91319 | G9: {=_xlfn._xlws.FILTER(Table1[CY 2024],(Table1[Contractor]="GRIC"))} -> 125000 | H9: {=_xlfn._xlws.FILTER(Table1[CY 2025],(Table1[Contractor]="GRIC"))} -> 119561 | I9: {=_xlfn._xlws.FILTER(Table1[CY 2026],(Table1[Contractor]="GRIC"))} -> 75363 | K9: =SUM(F9:I9) -> 411243 | X9: Gila River Indian Community SCW | Y9: {=_xlfn._xlws.FILTER(Table1[CY 2023],(Table1[Contractor]="GRIC"))} -> 91319 | Z9: {=_xlfn._xlws.FILTER(Table1[CY 2024],(Table1[Contractor]="GRIC"))} -> 125000 | AA9: {=_xlfn._xlws.FILTER(Table1[CY 2025],(Table1[Contractor]="GRIC"))} -> 119561 | AB9: {=_xlfn._xlws.FILTER(Table1[CY 2026],(Table1[Contractor]="GRIC"))} -> 75363 | AC9: =SUM(Y9:AB9) -> 411243
A10: =MATCH(E10,$E$28:$E$47,0) -> 3 | E10: Cibola Valley IDD System Conservation | F10: {=_xlfn._xlws.FILTER(Table1[CY 2023],(Table1[Contractor]="CVIDD"))} -> 1682 | G10: {=_xlfn._xlws.FILTER(Table1[CY 2024],(Table1[Contractor]="CVIDD"))} -> 2328 | H10: {=_xlfn._xlws.FILTER(Table1[CY 2025],(Table1[Contractor]="CVIDD"))} -> 2328 | I10: {=_xlfn._xlws.FILTER(Table1[CY 2026],(Table1[Contractor]="CVIDD"))} -> 2329 | K10: =SUM(F10:I10) -> 8667 | X10: Hopi Tribe SCW | Y10: {=_xlfn._xlws.FILTER(Table1[CY 2023],(Table1[Contractor]="Hopi"))} -> 2679 | Z10: {=_xlfn._xlws.FILTER(Table1[CY 2024],(Table1[Contractor]="Hopi"))} -> 3059 | AA10: {=_xlfn._xlws.FILTER(Table1[CY 2025],(Table1[Contractor]="Hopi"))} -> 3059 | AB10: {=_xlfn._xlws.FILTER(Table1[CY 2026],(Table1[Contractor]="Hopi"))} -> 3059 | AC10: =SUM(Y10:AB10) -> 11856
A11: =MATCH(E11,$E$28:$E$47,0) -> 5 | E11: GM Gabrych System Conservation | F11: {=_xlfn._xlws.FILTER(Table1[CY 2023],(Table1[Contractor]="GM Gabrych/Matador"))} -> 3240 | G11: {=_xlfn._xlws.FILTER(Table1[CY 2024],(Table1[Contractor]="GM Gabrych/Matador"))} -> 3240 | H11: {=_xlfn._xlws.FILTER(Table1[CY 2025],(Table1[Contractor]="GM Gabrych/Matador"))} -> 3240 | I11: {=_xlfn._xlws.FILTER(Table1[CY 2026],(Table1[Contractor]="GM Gabrych/Matador"))} -> 3240 | K11: =SUM(F11:I11) -> 12960 | X11: Mohave Valley Irrigation & Drainage District SCW | Y11: {=_xlfn._xlws.FILTER(Table1[CY 2023],(Table1[Contractor]="MVIDD"))} -> 12812 | Z11: {=_xlfn._xlws.FILTER(Table1[CY 2024],(Table1[Contractor]="MVIDD"))} -> 13293 | AA11: {=_xlfn._xlws.FILTER(Table1[CY 2025],(Table1[Contractor]="MVIDD"))} -> 13694 | AB11: {=_xlfn._xlws.FILTER(Table1[CY 2026],(Table1[Contractor]="MVIDD"))} -> 14184 | AC11: =SUM(Y11:AB11) -> 53983
A12: =MATCH(E12,$E$28:$E$47,0) -> 2 | E12: Cathcart Farms System Conservation | F12: {=_xlfn._xlws.FILTER(Table1[CY 2023],(Table1[Contractor]="Cathcart"))} -> 57 | G12: {=_xlfn._xlws.FILTER(Table1[CY 2024],(Table1[Contractor]="Cathcart"))} -> 60.5 | H12: {=_xlfn._xlws.FILTER(Table1[CY 2025],(Table1[Contractor]="Cathcart"))} -> 60.5 | I12: {=_xlfn._xlws.FILTER(Table1[CY 2026],(Table1[Contractor]="Cathcart"))} -> 61 | K12: =SUM(F12:I12) -> 239 | X12: San Carlos Apache Tribe SCW | Y12: {=_xlfn._xlws.FILTER(Table1[CY 2023],(Table1[Contractor]="SCAT"))} -> 23804 | Z12: {=_xlfn._xlws.FILTER(Table1[CY 2024],(Table1[Contractor]="SCAT"))} -> 23451 | AA12: {=_xlfn._xlws.FILTER(Table1[CY 2025],(Table1[Contractor]="SCAT"))} -> 23451 | AB12: {=_xlfn._xlws.FILTER(Table1[CY 2026],(Table1[Contractor]="SCAT"))} -> 23451 | AC12: =SUM(Y12:AB12) -> 94157
A13: =MATCH(E13,$E$28:$E$47,0) -> 10 | E13: YMIDD System Conservation | F13: {=_xlfn._xlws.FILTER(Table1[CY 2023],(Table1[Contractor]="YMIDD"))} -> 21556 | G13: {=_xlfn._xlws.FILTER(Table1[CY 2024],(Table1[Contractor]="YMIDD"))} -> 21657 | H13: {=_xlfn._xlws.FILTER(Table1[CY 2025],(Table1[Contractor]="YMIDD"))} -> 23615 | I13: {=_xlfn._xlws.FILTER(Table1[CY 2026],(Table1[Contractor]="YMIDD"))} -> 23893 | K13: =SUM(F13:I13) -> 90721 | X13: Yuma Mesa Irrigation & Drainage District SCW | Y13: {=_xlfn._xlws.FILTER(Table1[CY 2023],(Table1[Contractor]="YMIDD"))} -> 21556 | Z13: {=_xlfn._xlws.FILTER(Table1[CY 2024],(Table1[Contractor]="YMIDD"))} -> 21657 | AA13: {=_xlfn._xlws.FILTER(Table1[CY 2025],(Table1[Contractor]="YMIDD"))} -> 23615 | AB13: {=_xlfn._xlws.FILTER(Table1[CY 2026],(Table1[Contractor]="YMIDD"))} -> 23893 | AC13: =SUM(Y13:AB13) -> 90721
A14: =MATCH(E14,$E$28:$E$47,0) -> 8 | E14: MVIDD System Conservation | F14: {=_xlfn._xlws.FILTER(Table1[CY 2023],(Table1[Contractor]="MVIDD"))} -> 12812 | G14: {=_xlfn._xlws.FILTER(Table1[CY 2024],(Table1[Contractor]="MVIDD"))} -> 13293 | H14: {=_xlfn._xlws.FILTER(Table1[CY 2025],(Table1[Contractor]="MVIDD"))} -> 13694 | I14: {=_xlfn._xlws.FILTER(Table1[CY 2026],(Table1[Contractor]="MVIDD"))} -> 14184 | K14: =SUM(F14:I14) -> 53983 | W14: CA | X14: Coachella Valley Water District SCW | Y14: {=_xlfn._xlws.FILTER(Table1[CY 2023],(Table1[Contractor]="CVWD Grd Wtr Replnt"))} -> 35000 | Z14: {=_xlfn._xlws.FILTER(Table1[CY 2024],(Table1[Contractor]="CVWD Grd Wtr Replnt"))} -> 35000 | AA14: {=_xlfn._xlws.FILTER(Table1[CY 2025],(Table1[Contractor]="CVWD Grd Wtr Replnt"))} -> 35000 | AB14: {=_xlfn._xlws.FILTER(Table1[CY 2026],(Table1[Contractor]="CVWD Grd Wtr Replnt"))} -> 35000 | AC14: =SUM(Y14:AB14) -> 140000
A15: =MATCH(E15,$E$28:$E$47,0) -> 7 | E15: Hopi Tribe System Conservation | F15: {=_xlfn._xlws.FILTER(Table1[CY 2023],(Table1[Contractor]="Hopi"))} -> 2679 | G15: {=_xlfn._xlws.FILTER(Table1[CY 2024],(Table1[Contractor]="Hopi"))} -> 3059 | H15: {=_xlfn._xlws.FILTER(Table1[CY 2025],(Table1[Contractor]="Hopi"))} -> 3059 | I15: {=_xlfn._xlws.FILTER(Table1[CY 2026],(Table1[Contractor]="Hopi"))} -> 3059 | K15: =SUM(F15:I15) -> 11856 | X15: Coachella Agriculture SCW | Y15: {=_xlfn._xlws.FILTER(Table1[CY 2023],(Table1[Contractor]="CVWD Fallowing"))} -> 0 | Z15: {=_xlfn._xlws.FILTER(Table1[CY 2024],(Table1[Contractor]="CVWD Fallowing"))} -> 725 | AA15: {=_xlfn._xlws.FILTER(Table1[CY 2025],(Table1[Contractor]="CVWD Fallowing"))} -> 3889 | AB15: {=_xlfn._xlws.FILTER(Table1[CY 2026],(Table1[Contractor]="CVWD Fallowing"))} -> 6511 | AC15: =SUM(Y15:AB15) -> 11125
A16: =MATCH(E16,$E$28:$E$47,0) -> 14 | E16: IID System Conservation | F16: {=_xlfn._xlws.FILTER(Table1[CY 2023],(Table1[Contractor]="IID 2023-2026"))} -> 106111 | G16: {=_xlfn._xlws.FILTER(Table1[CY 2024],(Table1[Contractor]="IID 2023-2026"))} -> 257640 | H16: {=_xlfn._xlws.FILTER(Table1[CY 2025],(Table1[Contractor]="IID 2023-2026"))} -> 250000 | I16: {=_xlfn._xlws.FILTER(Table1[CY 2026],(Table1[Contractor]="IID 2023-2026"))} -> 192360 | K16: =SUM(F16:I16) -> 806111 | X16: Imperial Irrigation District SCW | Y16: {=_xlfn._xlws.FILTER(Table1[CY 2023],(Table1[Contractor]="IID 2023-2026"))} -> 106111 | Z16: {=_xlfn._xlws.FILTER(Table1[CY 2024],(Table1[Contractor]="IID 2023-2026"))} -> 257640 | AA16: {=_xlfn._xlws.FILTER(Table1[CY 2025],(Table1[Contractor]="IID 2023-2026"))} -> 250000 | AB16: {=_xlfn._xlws.FILTER(Table1[CY 2026],(Table1[Contractor]="IID 2023-2026"))} -> 192360 | AC16: =SUM(Y16:AB16) -> 806111
A17: =MATCH(E17,$E$28:$E$47,0) -> 16 | E17: Quechan Indian Tribe-MWD System Conservation | F17: {=_xlfn._xlws.FILTER(Table1[CY 2023],(Table1[Contractor]="Quechan"))} -> 13000 | G17: {=_xlfn._xlws.FILTER(Table1[CY 2024],(Table1[Contractor]="Quechan"))} -> 13000 | H17: {=_xlfn._xlws.FILTER(Table1[CY 2025],(Table1[Contractor]="Quechan"))} -> 13000 | I17: {=_xlfn._xlws.FILTER(Table1[CY 2026],(Table1[Contractor]="Quechan"))} -> 13000 | K17: =SUM(F17:I17) -> 52000 | X17: Metropolitan Water District (MWD) of Southern California ICS Creation | Y17: 450000 | Z17: 0 | AA17: 0 | AB17: 0 | AC17: =SUM(Y17:AB17) -> 450000
A18: =MATCH(E18,$E$28:$E$47,0) -> 15 | E18: PVID-MWD System Conservation | F18: {=_xlfn._xlws.FILTER(Table1[CY 2023],(Table1[Contractor]="PVID"))} -> 71507 | G18: {=_xlfn._xlws.FILTER(Table1[CY 2024],(Table1[Contractor]="PVID"))} -> 117021 | H18: {=_xlfn._xlws.FILTER(Table1[CY 2025],(Table1[Contractor]="PVID"))} -> 117021 | I18: {=_xlfn._xlws.FILTER(Table1[CY 2026],(Table1[Contractor]="PVID"))} -> 119338 | K18: =SUM(F18:I18) -> 424887 | X18: MWD Other Conserved Water Left in Lake Mead | Y18: 25066 | Z18: 0 | AA18: 0 | AB18: 0 | AC18: =SUM(Y18:AB18) -> 25066
A19: =MATCH(E19,$E$28:$E$47,0) -> #N/A | E19: Pilot System Conservation Program | F19: 201 | G19: 545 | H19: 545 | I19: 545 | K19: =SUM(F19:I19) -> 1836 | L19: Not for SEIS Volumes | X19: Palo Verde Irrigation District/MWD SCW | Y19: {=_xlfn._xlws.FILTER(Table1[CY 2023],(Table1[Contractor]="PVID"))} -> 71507 | Z19: {=_xlfn._xlws.FILTER(Table1[CY 2024],(Table1[Contractor]="PVID"))} -> 117021 | AA19: {=_xlfn._xlws.FILTER(Table1[CY 2025],(Table1[Contractor]="PVID"))} -> 117021 | AB19: {=_xlfn._xlws.FILTER(Table1[CY 2026],(Table1[Contractor]="PVID"))} -> 119338 | AC19: =SUM(Y19:AB19) -> 424887
A20: =MATCH(E20,$E$28:$E$47,0) -> #N/A | E20: 242 Wellfield Additional Pumping Agreement | F20: {=_xlfn._xlws.FILTER(Table1[CY 2023],(Table1[Contractor]="242 Wellfield"))} -> 7007 | G20: {=_xlfn._xlws.FILTER(Table1[CY 2024],(Table1[Contractor]="242 Wellfield"))} -> 22169 | H20: {=_xlfn._xlws.FILTER(Table1[CY 2025],(Table1[Contractor]="242 Wellfield"))} -> 32000 | I20: {=_xlfn._xlws.FILTER(Table1[CY 2026],(Table1[Contractor]="242 Wellfield"))} -> 50000 | K20: =SUM(F20:I20) -> 111176 | L20: Not for SEIS Volumes | X20: Bard/MWD SCW | Y20: {=_xlfn._xlws.FILTER(Table1[CY 2023],(Table1[Contractor]="Bard"))} -> 0 | Z20: {=_xlfn._xlws.FILTER(Table1[CY 2024],(Table1[Contractor]="Bard"))} -> 5700 | AA20: {=_xlfn._xlws.FILTER(Table1[CY 2025],(Table1[Contractor]="Bard"))} -> 9286 | AB20: {=_xlfn._xlws.FILTER(Table1[CY 2026],(Table1[Contractor]="Bard"))} -> 11400 | AC20: =SUM(Y20:AB20) -> 26386
E21: Annual Total (Non-Shortage/DCP) | F21: =SUM(F4:F20) -> 545308 | G21: =SUM(G4:G20) -> 775521.5 | H21: =SUM(H4:H20) -> 779899.5 | I21: =SUM(I4:I20) -> 675067 | K21: =SUM(K4:K20) -> 2775796 | X21: Quechan Indian Tribe/MWD SCW | Y21: {=_xlfn._xlws.FILTER(Table1[CY 2023],(Table1[Contractor]="Quechan"))} -> 13000 | Z21: {=_xlfn._xlws.FILTER(Table1[CY 2024],(Table1[Contractor]="Quechan"))} -> 13000 | AA21: {=_xlfn._xlws.FILTER(Table1[CY 2025],(Table1[Contractor]="Quechan"))} -> 13000 | AB21: {=_xlfn._xlws.FILTER(Table1[CY 2026],(Table1[Contractor]="Quechan"))} -> 13000 | AC21: =SUM(Y21:AB21) -> 52000
E22: Cumulative Total | F22: =F21 -> 545308 | G22: =F22+G21 -> 1320829.5 | H22: =G22+H21 -> 2100729 | I22: =H22+I21 -> 2775796 | W22: NV | X22: SNWA Other Conserved Water Left in Lake Mead | Y22: 88156 | Z22: 74572 | AA22: 82000 | AB22: 86000 | AC22: =SUM(Y22:AB22) -> 330728
X23: SNWA Tributary ICS Creation | Y23: 36075 | Z23: 34375 | AA23: 35000 | AB23: 35000 | AC23: =SUM(Y23:AB23) -> 140450
X24: Annual Total | Y24: =SUM(Y3:Y23) -> 1179173 | Z24: =SUM(Z3:Z23) -> 867454.5 | AA24: =SUM(AA3:AA23) -> 873640.5 | AB24: =SUM(AB3:AB23) -> 756922 | AC24: =SUM(AC3:AC23) -> 3677190
X25: Cumulative Total | Y25: =Y24 -> 1179173 | Z25: =Y25+Z24 -> 2046627.5 | AA25: =Z25+AA24 -> 2920268 | AB25: =AA25+AB24 -> 3677190
B27: Bucket | C27: State | D27: In Dan's Slide | E27: Conservation Activity (ac-ft) | F27: 2023 | G27: 2024 | H27: 2025 | I27: 2026 | K27: Total
B28: SysCon | C28: AZ | D28: X | E28: CAP System Conservation Agreements | F28: 141400 | G28: 129400 | H28: 128800 | I28: 2400 | K28: =SUM(F28:I28) -> 402000
B29: SysCon | C29: AZ | D29: X | E29: Cathcart Farms System Conservation | F29: 57 | G29: 60.5 | H29: 60.5 | I29: 0 | K29: =SUM(F29:I29) -> 178 | M29: =42+163 -> 205 | Z29: =Z24-Z16 -> 609814.5 | AA29: =AA24-AA16 -> 623640.5 | AB29: =AB24-AB16 -> 564562
B30: SysCon | C30: AZ | D30: X | E30: Cibola Valley IDD System Conservation | F30: 1682 | G30: 2328 | H30: 2328 | I30: 0 | K30: =SUM(F30:I30) -> 6338
B31: SysCon | C31: AZ | D31: X | E31: Fort McDowell Yavapai Nation System Conservation | F31: 13933 | G31: 13933 | H31: 13933 | I31: 0 | K31: =SUM(F31:I31) -> 41799
B32: SysCon | C32: AZ | D32: X | E32: GM Gabrych System Conservation | F32: 3240 | G32: 3240 | H32: 3240 | I32: 0 | K32: =SUM(F32:I32) -> 9720
B33: SysCon | C33: AZ | D33: X | E33: GRIC System Conservation | F33: 91319 | G33: 125000 | H33: 125000 | I33: 51650 | K33: =SUM(F33:I33) -> 392969
B34: SysCon | C34: AZ | D34: X | E34: Hopi Tribe System Conservation | F34: 2679 | G34: 3059 | H34: 3059 | I34: 0 | K34: =SUM(F34:I34) -> 8797
B35: SysCon | C35: AZ | D35: X | E35: MVIDD System Conservation | F35: 12812 | G35: 13441 | H35: 13441 | I35: 0 | K35: =SUM(F35:I35) -> 39694
B36: SysCon | C36: AZ | D36: X | E36: San Carlos Apache Tribe System Conservation | F36: 23804 | G36: 23451 | H36: 23451 | I36: 0 | K36: =SUM(F36:I36) -> 70706
B37: SysCon | C37: AZ | D37: X | E37: YMIDD System Conservation | F37: 21556 | G37: 21795 | H37: 21795 | I37: 0 | K37: =SUM(F37:I37) -> 65146
B38: SEIS | C38: AZ | D38: X | E38: CAP ICS Preservation Program | F38: 41776 | G38: 0 | H38: 0 | I38: 0 | K38: =SUM(F38:I38) -> 41776
B39: SysCon | C39: CA | D39: X | E39: Coachella Groundwater System Conservation | F39: 35000 | G39: 35000 | H39: 35000 | I39: 0 | K39: =SUM(F39:I39) -> 105000
B40: SysCon | C40: CA | D40: X | E40: Coachella Ag Conservation System Conservation | F40: {=_xlfn._xlws.FILTER(Table1[CY 2023],(Table1[Contractor]="CVWD Fallowing"))} -> 0 | G40: {=_xlfn._xlws.FILTER(Table1[CY 2024],(Table1[Contractor]="CVWD Fallowing"))} -> 725 | H40: {=_xlfn._xlws.FILTER(Table1[CY 2025],(Table1[Contractor]="CVWD Fallowing"))} -> 3889 | I40: {=_xlfn._xlws.FILTER(Table1[CY 2026],(Table1[Contractor]="CVWD Fallowing"))} -> 6511 | K40: =SUM(F40:I40) -> 11125
B41: SysCon | C41: CA | D41: X | E41: IID System Conservation | F41: 106111 | G41: 220000 | H41: 240000 | I41: 240000 | K41: =SUM(F41:I41) -> 806111 | M41: State | N41: 2023 | O41: 2024 | P41: 2025 | Q41: 2026 | R41: 2027 | S41: Total
B42: SysCon | C42: CA | D42: X | E42: PVID-MWD System Conservation | F42: 71507 | G42: 117021 | H42: 117021 | I42: 79830 | K42: =SUM(F42:I42) -> 385379 | M42: AZ | N42: =SUM(F52:F62) -> 354530 | O42: =SUM(G52:G62) -> 305970.5 | P42: =SUM(H52:H62) -> 304993.5 | Q42: =SUM(I52:I62) -> 234862 | R42: =SUM(J52:J62) -> 74805 | S42: =SUM(N42:R42) -> 1275161
B43: SysCon | C43: CA | D43: X | E43: Quechan Indian Tribe-MWD System Conservation | F43: 13000 | G43: 13000 | H43: 13000 | I43: 13000 | K43: =SUM(F43:I43) -> 52000 | M43: CA | N43: =SUM(F63:F70) -> 681805 | O43: =SUM(G63:G70) -> 456096 | P43: =SUM(H63:H70) -> 428196 | Q43: =SUM(I63:I70) -> 377609 | R43: =SUM(J63:J70) -> 0 | S43: =SUM(N43:R43) -> 1943706
B44: SEIS | C44: CA | D44: X | E44: MWD ICS Creation | F44: 450000 | G44: 0 | H44: 0 | I44: 0 | K44: =SUM(F44:I44) -> 450000 | M44: NV | N44: =SUM(F71:F72) -> 124362 | O44: =SUM(G71:G72) -> 108947 | P44: =SUM(H71:H72) -> 122000 | Q44: =SUM(I71:I72) -> 124000 | R44: =SUM(J71:J72) -> 35000 | S44: =SUM(N44:R44) -> 514309
B45: SEIS | C45: CA | D45: X | E45: Other Conserved Water | F45: 25066 | G45: 31995 | H45: 0 | I45: 0 | K45: =SUM(F45:I45) -> 57061 | M45: Annual Total | N45: =SUM(N42:N44) -> 1160697 | O45: =SUM(O42:O44) -> 871013.5 | P45: =SUM(P42:P44) -> 855189.5 | Q45: =SUM(Q42:Q44) -> 736471 | R45: =SUM(R42:R44) -> 109805 | S45: =SUM(N45:R45) -> 3733176
B46: SEIS | C46: NV | D46: X | E46: SNWA Other Conserved Water | F46: 88156 | G46: 90000 | H46: 40000 | I46: 35000 | K46: =SUM(F46:I46) -> 253156 | M46: Cumulative Total | N46: =N45 -> 1160697 | O46: =N46+O45 -> 2031710.5 | P46: =O46+P45 -> 2886900 | Q46: =P46+Q45 -> 3623371 | R46: =Q46+R45 -> 3733176
B47: SEIS | C47: NV | D47: X | E47: SNWA Tributary ICS/System Water | F47: 36075 | G47: 36000 | H47: 30000 | I47: 30000 | K47: =SUM(F47:I47) -> 132075
E48: Annual Total | F48: =SUM(F28:F47) -> 1179173 | G48: =SUM(G28:G47) -> 879448.5 | H48: =SUM(H28:H47) -> 814017.5 | I48: =SUM(I28:I47) -> 458391 | K48: =SUM(K28:K47) -> 3331030
E49: Cumulative Total | F49: =F48 -> 1179173 | G49: =F49+G48 -> 2058621.5 | H49: =G49+H48 -> 2872639 | I49: =H49+I48 -> 3331030
D51: State | E51: Conservation Activity (ac-ft) | F51: 2023 | G51: 2024 | H51: 2025 | I51: 2026 | J51: 2027 | K51: Total
D52: AZ | E52: CAP ICS Preservation Program | F52: 41776 | G52: 0 | H52: 0 | I52: 0 | J52: 0 | K52: =SUM(F52:J52) -> 41776
E53: CAP System Conservation Agreements | F53: {=SUM(_xlfn._xlws.FILTER(Table1[CY 2023], (Table1[Modeled]="Yes")*(Table1[State] = "AZ-CAWCD")))} -> 141400 | G53: {=SUM(_xlfn._xlws.FILTER(Table1[CY 2024], (Table1[Modeled]="Yes")*(Table1[State] = "AZ-CAWCD")))} -> 123400 | H53: {=SUM(_xlfn._xlws.FILTER(Table1[CY 2025], (Table1[Modeled]="Yes")*(Table1[State] = "AZ-CAWCD")))} -> 125503 | I53: {=SUM(_xlfn._xlws.FILTER(Table1[CY 2026], (Table1[Modeled]="Yes")*(Table1[State] = "AZ-CAWCD")))} -> 98800 | J53: {=SUM(_xlfn._xlws.FILTER(Table1[CY 2027], (Table1[Modeled]="Yes")*(Table1[State] = "AZ-CAWCD")))} -> 7224 | K53: =SUM(F53:J53) -> 496327
E54: Cathcart Farms System Conservation | F54: {=_xlfn._xlws.FILTER(Table1[CY 2023],(Table1[Contractor]="Cathcart"))} -> 57 | G54: {=_xlfn._xlws.FILTER(Table1[CY 2024],(Table1[Contractor]="Cathcart"))} -> 60.5 | H54: {=_xlfn._xlws.FILTER(Table1[CY 2025],(Table1[Contractor]="Cathcart"))} -> 60.5 | I54: {=_xlfn._xlws.FILTER(Table1[CY 2026],(Table1[Contractor]="Cathcart"))} -> 61 | J54: {=_xlfn._xlws.FILTER(Table1[CY 2027],(Table1[Contractor]="Cathcart"))} -> 0 | K54: =SUM(F54:J54) -> 239
E55: Cibola Valley IDD System Conservation | F55: {=_xlfn._xlws.FILTER(Table1[CY 2023],(Table1[Contractor]="CVIDD"))} -> 1682 | G55: {=_xlfn._xlws.FILTER(Table1[CY 2024],(Table1[Contractor]="CVIDD"))} -> 2328 | H55: {=_xlfn._xlws.FILTER(Table1[CY 2025],(Table1[Contractor]="CVIDD"))} -> 2328 | I55: {=_xlfn._xlws.FILTER(Table1[CY 2026],(Table1[Contractor]="CVIDD"))} -> 2329 | J55: {=_xlfn._xlws.FILTER(Table1[CY 2027],(Table1[Contractor]="CVIDD"))} -> 0 | K55: =SUM(F55:J55) -> 8667
E56: Fort McDowell Yavapai Nation System Conservation | F56: {=_xlfn._xlws.FILTER(Table1[CY 2023],(Table1[Contractor]="FMYN"))} -> 13933 | G56: {=_xlfn._xlws.FILTER(Table1[CY 2024],(Table1[Contractor]="FMYN"))} -> 13933 | H56: {=_xlfn._xlws.FILTER(Table1[CY 2025],(Table1[Contractor]="FMYN"))} -> 13933 | I56: {=_xlfn._xlws.FILTER(Table1[CY 2026],(Table1[Contractor]="FMYN"))} -> 13933 | J56: {=_xlfn._xlws.FILTER(Table1[CY 2027],(Table1[Contractor]="FMYN"))} -> 0 | K56: =SUM(F56:J56) -> 55732
E57: GM Gabrych System Conservation | F57: {=_xlfn._xlws.FILTER(Table1[CY 2023],(Table1[Contractor]="GM Gabrych/Matador"))} -> 3240 | G57: {=_xlfn._xlws.FILTER(Table1[CY 2024],(Table1[Contractor]="GM Gabrych/Matador"))} -> 3240 | H57: {=_xlfn._xlws.FILTER(Table1[CY 2025],(Table1[Contractor]="GM Gabrych/Matador"))} -> 3240 | I57: {=_xlfn._xlws.FILTER(Table1[CY 2026],(Table1[Contractor]="GM Gabrych/Matador"))} -> 3240 | J57: {=_xlfn._xlws.FILTER(Table1[CY 2027],(Table1[Contractor]="GM Gabrych/Matador"))} -> 0 | K57: =SUM(F57:J57) -> 12960
E58: GRIC System Conservation | F58: {=_xlfn._xlws.FILTER(Table1[CY 2023],(Table1[Contractor]="GRIC"))} -> 91319 | G58: {=_xlfn._xlws.FILTER(Table1[CY 2024],(Table1[Contractor]="GRIC"))} -> 125000 | H58: {=_xlfn._xlws.FILTER(Table1[CY 2025],(Table1[Contractor]="GRIC"))} -> 119561 | I58: {=_xlfn._xlws.FILTER(Table1[CY 2026],(Table1[Contractor]="GRIC"))} -> 75363 | J58: {=_xlfn._xlws.FILTER(Table1[CY 2027],(Table1[Contractor]="GRIC"))} -> 67581 | K58: =SUM(F58:J58) -> 478824
E59: Hopi Tribe System Conservation | F59: {=_xlfn._xlws.FILTER(Table1[CY 2023],(Table1[Contractor]="Hopi"))} -> 2679 | G59: {=_xlfn._xlws.FILTER(Table1[CY 2024],(Table1[Contractor]="Hopi"))} -> 3059 | H59: {=_xlfn._xlws.FILTER(Table1[CY 2025],(Table1[Contractor]="Hopi"))} -> 3059 | I59: {=_xlfn._xlws.FILTER(Table1[CY 2026],(Table1[Contractor]="Hopi"))} -> 3059 | J59: {=_xlfn._xlws.FILTER(Table1[CY 2027],(Table1[Contractor]="Hopi"))} -> 0 | K59: =SUM(F59:J59) -> 11856
E60: MVIDD System Conservation | F60: {=_xlfn._xlws.FILTER(Table1[CY 2023],(Table1[Contractor]="MVIDD"))} -> 12812 | G60: {=_xlfn._xlws.FILTER(Table1[CY 2024],(Table1[Contractor]="MVIDD"))} -> 13293 | H60: {=_xlfn._xlws.FILTER(Table1[CY 2025],(Table1[Contractor]="MVIDD"))} -> 13694 | I60: {=_xlfn._xlws.FILTER(Table1[CY 2026],(Table1[Contractor]="MVIDD"))} -> 14184 | J60: {=_xlfn._xlws.FILTER(Table1[CY 2027],(Table1[Contractor]="MVIDD"))} -> 0 | K60: =SUM(F60:J60) -> 53983
E61: San Carlos Apache Tribe System Conservation | F61: 23804 | J61: {=_xlfn._xlws.FILTER(Table1[CY 2027],(Table1[Contractor]="SCAT"))} -> 0 | K61: =SUM(F61:J61) -> 23804 | L61: indicates updates from WAR
E62: YMIDD System Conservation | F62: 21828 | G62: {=_xlfn._xlws.FILTER(Table1[CY 2024],(Table1[Contractor]="YMIDD"))} -> 21657 | H62: {=_xlfn._xlws.FILTER(Table1[CY 2025],(Table1[Contractor]="YMIDD"))} -> 23615 | I62: {=_xlfn._xlws.FILTER(Table1[CY 2026],(Table1[Contractor]="YMIDD"))} -> 23893 | J62: {=_xlfn._xlws.FILTER(Table1[CY 2027],(Table1[Contractor]="YMIDD"))} -> 0 | K62: =SUM(F62:J62) -> 90993
D63: CA | E63: Coachella Groundwater System Conservation | F63: {=_xlfn._xlws.FILTER(Table1[CY 2023],(Table1[Contractor]="CVWD Grd Wtr Replnt"))} -> 35000 | G63: {=_xlfn._xlws.FILTER(Table1[CY 2024],(Table1[Contractor]="CVWD Grd Wtr Replnt"))} -> 35000 | H63: {=_xlfn._xlws.FILTER(Table1[CY 2025],(Table1[Contractor]="CVWD Grd Wtr Replnt"))} -> 35000 | I63: {=_xlfn._xlws.FILTER(Table1[CY 2026],(Table1[Contractor]="CVWD Grd Wtr Replnt"))} -> 35000 | J63: {=_xlfn._xlws.FILTER(Table1[CY 2027],(Table1[Contractor]="CVWD Grd Wtr Replnt"))} -> 0 | K63: =SUM(F63:J63) -> 140000
E64: Coachella Ag System Conservation | F64: {=_xlfn._xlws.FILTER(Table1[CY 2023],(Table1[Contractor]="CVWD Fallowing"))} -> 0 | G64: {=_xlfn._xlws.FILTER(Table1[CY 2024],(Table1[Contractor]="CVWD Fallowing"))} -> 725 | H64: {=_xlfn._xlws.FILTER(Table1[CY 2025],(Table1[Contractor]="CVWD Fallowing"))} -> 3889 | I64: {=_xlfn._xlws.FILTER(Table1[CY 2026],(Table1[Contractor]="CVWD Fallowing"))} -> 6511 | J64: {=_xlfn._xlws.FILTER(Table1[CY 2027],(Table1[Contractor]="CVWD Fallowing"))} -> 0 | K64: =SUM(F64:J64) -> 11125
E65: IID System Conservation | F65: {=_xlfn._xlws.FILTER(Table1[CY 2023],(Table1[Contractor]="IID 2023-2026"))} -> 106111 | G65: {=_xlfn._xlws.FILTER(Table1[CY 2024],(Table1[Contractor]="IID 2023-2026"))} -> 257640 | H65: {=_xlfn._xlws.FILTER(Table1[CY 2025],(Table1[Contractor]="IID 2023-2026"))} -> 250000 | I65: {=_xlfn._xlws.FILTER(Table1[CY 2026],(Table1[Contractor]="IID 2023-2026"))} -> 192360 | J65: {=_xlfn._xlws.FILTER(Table1[CY 2027],(Table1[Contractor]="IID 2023-2026"))} -> 0 | K65: =SUM(F65:J65) -> 806111
E66: MWD ICS Creation | F66: 450000 | H66: 0 | I66: 0 | J66: 0 | K66: =SUM(F66:J66) -> 450000
E67: Other Conserved Water | F67: 25066 | G67: 27010 | H67: =_xlfn.XLOOKUP("California- Water left in Mead",'2025'!$A$1:$A$62,'2025'!$B$1:$B$62)*-1 -> 0 | I67: =_xlfn.XLOOKUP("California- Water left in Mead",'2026'!$A$1:$A$61,'2026'!$B$1:$B$61)*-1 -> 0 | J67: =_xlfn.XLOOKUP("California- Water left in Mead",'2027'!$A$1:$A$61,'2027'!$B$1:$B$61)*-1 -> 0 | K67: =SUM(F67:J67) -> 52076
E68: PVID-MWD System Conservation | F68: 52628 | G68: {=_xlfn._xlws.FILTER(Table1[CY 2024],(Table1[Contractor]="PVID"))} -> 117021 | H68: {=_xlfn._xlws.FILTER(Table1[CY 2025],(Table1[Contractor]="PVID"))} -> 117021 | I68: {=_xlfn._xlws.FILTER(Table1[CY 2026],(Table1[Contractor]="PVID"))} -> 119338 | J68: {=_xlfn._xlws.FILTER(Table1[CY 2027],(Table1[Contractor]="PVID"))} -> 0 | K68: =SUM(F68:J68) -> 406008
E69: Bard-MWD System Conservation | F69: {=_xlfn._xlws.FILTER(Table1[CY 2023],(Table1[Contractor]="Bard"))} -> 0 | G69: {=_xlfn._xlws.FILTER(Table1[CY 2024],(Table1[Contractor]="Bard"))} -> 5700 | H69: {=_xlfn._xlws.FILTER(Table1[CY 2025],(Table1[Contractor]="Bard"))} -> 9286 | I69: {=_xlfn._xlws.FILTER(Table1[CY 2026],(Table1[Contractor]="Bard"))} -> 11400 | J69: {=_xlfn._xlws.FILTER(Table1[CY 2027],(Table1[Contractor]="Bard"))} -> 0 | K69: =SUM(F69:J69) -> 26386
E70: Quechan Indian Tribe-MWD System Conservation | F70: {=_xlfn._xlws.FILTER(Table1[CY 2023],(Table1[Contractor]="Quechan"))} -> 13000 | G70: {=_xlfn._xlws.FILTER(Table1[CY 2024],(Table1[Contractor]="Quechan"))} -> 13000 | H70: {=_xlfn._xlws.FILTER(Table1[CY 2025],(Table1[Contractor]="Quechan"))} -> 13000 | I70: {=_xlfn._xlws.FILTER(Table1[CY 2026],(Table1[Contractor]="Quechan"))} -> 13000 | J70: {=_xlfn._xlws.FILTER(Table1[CY 2027],(Table1[Contractor]="Quechan"))} -> 0 | K70: =SUM(F70:J70) -> 52000
D71: NV | E71: SNWA Other Conserved Water | F71: 88156 | G71: 74572 | H71: =_xlfn.XLOOKUP("System Conservation (in additon to tributary)",'2025'!$A$1:$A$62,'2025'!$B$1:$B$62)*-1 -> 87000 | I71: =_xlfn.XLOOKUP("System Conservation (in additon to tributary)",'2026'!$A$1:$A$61,'2026'!$B$1:$B$61)*-1 -> 89000 | J71: =_xlfn.XLOOKUP("System Conservation (in additon to tributary)",'2027'!$A$1:$A$61,'2027'!$B$1:$B$61)*-1 -> 0 | K71: =SUM(F71:J71) -> 338728
E72: SNWA Tributary ICS/System Water | F72: 36206 | G72: 34375 | H72: =_xlfn.XLOOKUP("Tributary Conservation",'2025'!$A$1:$A$62,'2025'!$B$1:$B$62) -> 35000 | I72: =_xlfn.XLOOKUP("Tributary Conservation",'2026'!$A$1:$A$61,'2026'!$B$1:$B$61) -> 35000 | J72: =_xlfn.XLOOKUP("Tributary Conservation",'2027'!$A$1:$A$61,'2027'!$B$1:$B$61) -> 35000 | K72: =SUM(F72:J72) -> 175581
E73: Annual Total | F73: =SUM(F52:F72) -> 1160697 | G73: =SUM(G52:G72) -> 871013.5 | H73: =SUM(H52:H72) -> 855189.5 | I73: =SUM(I52:I72) -> 736471 | J73: =SUM(J52:J72) -> 109805 | K73: =SUM(K52:K72) -> 3733176
E74: Cumulative Total | F74: =F73 -> 1160697 | G74: =F74+G73 -> 2031710.5 | H74: =G74+H73 -> 2886900 | I74: =H74+I73 -> 3623371 | J74: =I74+J73 -> 3733176
E76: 242 Wellfield Additional Pumping Agreement | F76: 7007 | G76: {=_xlfn._xlws.FILTER(Table1[CY 2024],(Table1[Contractor]="242 Wellfield"))} -> 22169 | H76: {=_xlfn._xlws.FILTER(Table1[CY 2025],(Table1[Contractor]="242 Wellfield"))} -> 32000 | I76: {=_xlfn._xlws.FILTER(Table1[CY 2026],(Table1[Contractor]="242 Wellfield"))} -> 50000 | K76: =SUM(F76:I76) -> 111176
E77: PSCP | F77: 201 | G77: =-1*('OLD 2024'!B24+'OLD 2024'!B12) -> 545 | H77: =-1*('2025'!B26+'2025'!B13) -> 3346 | I77: =-1*('2026'!B26+'2025'!B13) -> 3197 | K77: =SUM(F77:I77) -> 7289
D79: State | E79: Conservation Activity | F79: 2025 | G79: 2026 | H79: 2027 | I79: Total
D80: AZ | E80: CAP System Conservation Agreements | F80: {=SUM(_xlfn._xlws.FILTER(Table1[CY 2025], (Table1[Modeled]="Yes")*(Table1[State] = "AZ-CAWCD")))} -> 125503 | G80: {=SUM(_xlfn._xlws.FILTER(Table1[CY 2026], (Table1[Modeled]="Yes")*(Table1[State] = "AZ-CAWCD")))} -> 98800 | H80: {=SUM(_xlfn._xlws.FILTER(Table1[CY 2027], (Table1[Modeled]="Yes")*(Table1[State] = "AZ-CAWCD")))} -> 7224 | I80: =SUM(F80:H80) -> 231527
E81: Cathcart Farms System Conservation | F81: {=_xlfn._xlws.FILTER(Table1[CY 2025],(Table1[Contractor]="Cathcart"))} -> 60.5 | G81: {=_xlfn._xlws.FILTER(Table1[CY 2026],(Table1[Contractor]="Cathcart"))} -> 61 | H81: {=_xlfn._xlws.FILTER(Table1[CY 2027],(Table1[Contractor]="Cathcart"))} -> 0 | I81: =SUM(F81:H81) -> 121.5
E82: Cibola Valley IDD System Conservation | F82: {=_xlfn._xlws.FILTER(Table1[CY 2025],(Table1[Contractor]="CVIDD"))} -> 2328 | G82: {=_xlfn._xlws.FILTER(Table1[CY 2026],(Table1[Contractor]="CVIDD"))} -> 2329 | H82: {=_xlfn._xlws.FILTER(Table1[CY 2027],(Table1[Contractor]="CVIDD"))} -> 0 | I82: =SUM(F82:H82) -> 4657
E83: Fort McDowell Yavapai Nation System Conservation | F83: {=_xlfn._xlws.FILTER(Table1[CY 2025],(Table1[Contractor]="FMYN"))} -> 13933 | G83: {=_xlfn._xlws.FILTER(Table1[CY 2026],(Table1[Contractor]="FMYN"))} -> 13933 | H83: {=_xlfn._xlws.FILTER(Table1[CY 2027],(Table1[Contractor]="FMYN"))} -> 0 | I83: =SUM(F83:H83) -> 27866
E84: Matador System Conservation | F84: {=_xlfn._xlws.FILTER(Table1[CY 2025],(Table1[Contractor]="GM Gabrych/Matador"))} -> 3240 | G84: {=_xlfn._xlws.FILTER(Table1[CY 2026],(Table1[Contractor]="GM Gabrych/Matador"))} -> 3240 | H84: {=_xlfn._xlws.FILTER(Table1[CY 2027],(Table1[Contractor]="GM Gabrych/Matador"))} -> 0 | I84: =SUM(F84:H84) -> 6480
E85: GRIC System Conservation | F85: {=_xlfn._xlws.FILTER(Table1[CY 2025],(Table1[Contractor]="GRIC"))} -> 119561 | G85: {=_xlfn._xlws.FILTER(Table1[CY 2026],(Table1[Contractor]="GRIC"))} -> 75363 | H85: {=_xlfn._xlws.FILTER(Table1[CY 2027],(Table1[Contractor]="GRIC"))} -> 67581 | I85: =SUM(F85:H85) -> 262505
E86: Hopi Tribe System Conservation | F86: {=_xlfn._xlws.FILTER(Table1[CY 2025],(Table1[Contractor]="Hopi"))} -> 3059 | G86: {=_xlfn._xlws.FILTER(Table1[CY 2026],(Table1[Contractor]="Hopi"))} -> 3059 | H86: {=_xlfn._xlws.FILTER(Table1[CY 2027],(Table1[Contractor]="Hopi"))} -> 0 | I86: =SUM(F86:H86) -> 6118
E87: MVIDD System Conservation | F87: {=_xlfn._xlws.FILTER(Table1[CY 2025],(Table1[Contractor]="MVIDD"))} -> 13694 | G87: {=_xlfn._xlws.FILTER(Table1[CY 2026],(Table1[Contractor]="MVIDD"))} -> 14184 | H87: {=_xlfn._xlws.FILTER(Table1[CY 2027],(Table1[Contractor]="MVIDD"))} -> 0 | I87: =SUM(F87:H87) -> 27878
E88: San Carlos Apache Tribe System Conservation | F88: {=_xlfn._xlws.FILTER(Table1[CY 2025],(Table1[Contractor]="SCAT"))} -> 23451 | G88: {=_xlfn._xlws.FILTER(Table1[CY 2026],(Table1[Contractor]="SCAT"))} -> 23451 | H88: {=_xlfn._xlws.FILTER(Table1[CY 2027],(Table1[Contractor]="SCAT"))} -> 0 | I88: =SUM(F88:H88) -> 46902
E89: YMIDD System Conservation | F89: {=_xlfn._xlws.FILTER(Table1[CY 2025],(Table1[Contractor]="YMIDD"))} -> 23615 | G89: {=_xlfn._xlws.FILTER(Table1[CY 2026],(Table1[Contractor]="YMIDD"))} -> 23893 | H89: {=_xlfn._xlws.FILTER(Table1[CY 2027],(Table1[Contractor]="YMIDD"))} -> 0 | I89: =SUM(F89:H89) -> 47508
D90: CA | E90: Coachella Groundwater System Conservation | F90: {=_xlfn._xlws.FILTER(Table1[CY 2025],(Table1[Contractor]="CVWD Grd Wtr Replnt"))} -> 35000 | G90: {=_xlfn._xlws.FILTER(Table1[CY 2026],(Table1[Contractor]="CVWD Grd Wtr Replnt"))} -> 35000 | H90: {=_xlfn._xlws.FILTER(Table1[CY 2027],(Table1[Contractor]="CVWD Grd Wtr Replnt"))} -> 0 | I90: =SUM(F90:H90) -> 70000
E91: Coachella Ag System Conservation | F91: {=_xlfn._xlws.FILTER(Table1[CY 2025],(Table1[Contractor]="CVWD Fallowing"))} -> 3889 | G91: {=_xlfn._xlws.FILTER(Table1[CY 2026],(Table1[Contractor]="CVWD Fallowing"))} -> 6511 | H91: {=_xlfn._xlws.FILTER(Table1[CY 2027],(Table1[Contractor]="CVWD Fallowing"))} -> 0 | I91: =SUM(F91:H91) -> 10400
E92: IID System Conservation | F92: {=_xlfn._xlws.FILTER(Table1[CY 2025],(Table1[Contractor]="IID 2023-2026"))} -> 250000 | G92: {=_xlfn._xlws.FILTER(Table1[CY 2026],(Table1[Contractor]="IID 2023-2026"))} -> 192360 | H92: {=_xlfn._xlws.FILTER(Table1[CY 2027],(Table1[Contractor]="IID 2023-2026"))} -> 0 | I92: =SUM(F92:H92) -> 442360
E93: MWD ICS Creation | F93: =_xlfn.XLOOKUP("MWD - ICS (delivery or creation)",'2025'!$A$1:$A$61,'2025'!$B$1:$B$61)*-1 -> 27437 | G93: 0 | H93: =-'2027'!B8 -> 0 | I93: =SUM(F93:H93) -> 27437 | J93: Most probable only
E94: MWD System Conservation | F94: =_xlfn.XLOOKUP("MWD B2 System Conservation",'2025'!$A$1:$A$61,'2025'!$B$1:$B$61)*-1 -> 242286 | G94: =_xlfn.XLOOKUP("MWD B2 System Conservation",'2026'!$A$1:$A$61,'2026'!$B$1:$B$61)*-1 -> 0 | H94: =_xlfn.XLOOKUP("California- Water left in Mead",'2027'!$A$1:$A$61,'2027'!$B$1:$B$61)*-1 -> 0 | I94: =SUM(F94:H94) -> 242286 | J94: Replace with MWD system water
E95: PVID-MWD System Conservation | F95: {=_xlfn._xlws.FILTER(Table1[CY 2025],(Table1[Contractor]="PVID"))} -> 117021 | G95: {=_xlfn._xlws.FILTER(Table1[CY 2026],(Table1[Contractor]="PVID"))} -> 119338 | H95: {=_xlfn._xlws.FILTER(Table1[CY 2027],(Table1[Contractor]="PVID"))} -> 0 | I95: =SUM(F95:H95) -> 236359 | J95: Most probable only
E96: Bard-MWD System Conservation | F96: {=_xlfn._xlws.FILTER(Table1[CY 2025],(Table1[Contractor]="Bard"))} -> 9286 | G96: {=_xlfn._xlws.FILTER(Table1[CY 2026],(Table1[Contractor]="Bard"))} -> 11400 | H96: {=_xlfn._xlws.FILTER(Table1[CY 2027],(Table1[Contractor]="Bard"))} -> 0 | I96: =SUM(F96:H96) -> 20686
E97: Quechan Indian Tribe-MWD System Conservation | F97: {=_xlfn._xlws.FILTER(Table1[CY 2025],(Table1[Contractor]="Quechan"))} -> 13000 | G97: {=_xlfn._xlws.FILTER(Table1[CY 2026],(Table1[Contractor]="Quechan"))} -> 13000 | H97: {=_xlfn._xlws.FILTER(Table1[CY 2027],(Table1[Contractor]="Quechan"))} -> 0 | I97: =SUM(F97:H97) -> 26000
D98: NV | E98: SNWA System Conservation Water | F98: =_xlfn.XLOOKUP("System Conservation (in additon to tributary)",'2025'!$A$1:$A$62,'2025'!$B$1:$B$62)*-1 -> 87000 | G98: =_xlfn.XLOOKUP("System Conservation (in additon to tributary)",'2026'!$A$1:$A$61,'2026'!$B$1:$B$61)*-1 -> 89000 | H98: =_xlfn.XLOOKUP("System Conservation (in additon to tributary)",'2027'!$A$1:$A$61,'2027'!$B$1:$B$61)*-1 -> 0 | I98: =SUM(F98:H98) -> 176000 | J98: B2 agreement | L98: =189000-G98-F98 -> 13000
E99: SNWA Tributary Conservation | F99: =_xlfn.XLOOKUP("Tributary Conservation",'2025'!$A$1:$A$62,'2025'!$B$1:$B$62) -> 35000 | G99: =_xlfn.XLOOKUP("Tributary Conservation",'2026'!$A$1:$A$61,'2026'!$B$1:$B$61) -> 35000 | H99: 35000 | I99: =SUM(F99:H99) -> 105000 | J99: Remove since it doesn't affect modeling, show as 0 EC ICS
D100: Other | E100: 242 Wellfield Additional Pumping Agreement | F100: {=_xlfn._xlws.FILTER(Table1[CY 2025],(Table1[Contractor]="242 Wellfield"))} -> 32000 | G100: {=_xlfn._xlws.FILTER(Table1[CY 2026],(Table1[Contractor]="242 Wellfield"))} -> 50000 | H100: {=_xlfn._xlws.FILTER(Table1[CY 2027],(Table1[Contractor]="242 Wellfield"))} -> 0 | I100: =SUM(F100:H100) -> 82000
E101: PSCP | F101: =-1*('2025'!B26+'2025'!B13) -> 3346 | G101: =-1*('2026'!B26+'2026'!B13) -> 3197 | H101: =-1*('2027'!B26+'2027'!B13) -> 145 | I101: =SUM(F101:H101) -> 6688
E102: Annual Total | F102: =SUM(F80:F101) -> 1183709.5 | G102: =SUM(G80:G101) -> 813119 | H102: =SUM(H80:H101) -> 109950 | I102: =SUM(F102:H102) -> 2106778.5
E103: Cumulative Total | F103: =F102 -> 1183709.5 | G103: =F103+G102 -> 1996828.5 | H103: =G103+H102 -> 2106778.5
E104: Counts towarsd SEIS ROD | F104: =F102-F88-F100-F101 -> 1124912.5 | G104: =G102-G88-G100-G101 -> 736471
E107: State | F107: 2025 | G107: 2026 | H107: 2027 | I107: Total
...

Sheet DCP Bank
A1: MOST PROBABLE - ORIGINAL
A2: 46031
B3: 2026 | C3: 2027 | D3: 2028
A4: AZ | B4: 600000 | C4: 599741
A5: CA | B5: 1650000 | C5: 1650000
A6: NV | B6: 450000 | C6: 450259
A7: Total | B7: =SUM(B4:B6) -> 2700000 | C7: =SUM(C4:C6) -> 2700000 | D7: =SUM(D4:D6) -> 0
B8: =B7-2700000 -> 0 | C8: =C7-2700000 -> 0 | D8: =D7-2700000 -> -2700000
A13: MAX PROBABLE - ORIGINAL
A14: =A2 -> 46031
B15: 2026 | C15: 2027 | D15: 2028
A16: AZ | B16: 600000 | C16: 599741 | D16: 0
A17: CA | B17: 1650000 | C17: 1650000 | D17: 0
A18: NV | B18: 450000 | C18: 450259 | D18: 0
A19: Total | B19: =SUM(B16:B18) -> 2700000 | C19: =SUM(C16:C18) -> 2700000 | D19: =SUM(D16:D18) -> 0
C20: =C19-2700000 -> 0 | D20: =D19-2700000 -> -2700000
D23: =2700000-C23 -> 2700000
A24: MIN PROBABLE - ORIGINAL
A25: =A2 -> 46031
B26: 2026 | C26: 2027 | D26: 2028
A27: AZ | B27: 664179 | C27: 656789
A28: CA | B28: 1419799 | C28: 1169574
A29: NV | B29: 478362 | C29: 549462
A30: Total | B30: =SUM(B27:B29) -> 2562340 | C30: =SUM(C27:C29) -> 2375825 | D30: =SUM(D27:D29) -> 0
C31: =C30-2700000 -> -324175 | D31: =D30-2700000 -> -2700000
A34: ESP MeadBankParameters
B35: Max Capacity | C35: Max Creation | D35: Max Delivery
B36: 1000 acre-ft | C36: 1000 acre-ft | D36: 1000 acre-ft
A37: 0: Arizona | B37: 691 | C37: 185 | D37: 300
A38: 1: California | B38: 1417 | C38: 350 | D38: 400
A39: 2: Nevada | B39: 592 | C39: 90 | D39: 300
A40: 3: Mexico | B40: 1500 | C40: 250 | D40: 200
A41: 4: MWD | B41: 1367 | C41: NaN | D41: NaN
A42: 5: IID | B42: 50 | C42: NaN | D42: NaN
A43: 6: CAWCD | B43: 391 | C43: NaN | D43: NaN
A44: 7: AZTribal | B44: 300 | C44: NaN | D44: NaN

Sheet 500+ Plan Tracking
B1: Baseline - Based on June 2021 24-Month Study Assumptions | J1: Based on July 2023 24-Month Study Assumptions | R1: Difference: APR23 minus JUL21
B2: --Subject to change, based on review as part of 1030 modeling efforts | J2: --Most Probable | R2: --Most Probable | Z2: Table for Water Use Assumptions
B4: Project | C4: State | D4: 24-Month Study | J4: Project | K4: State | L4: 24-Month Study | R4: Project | S4: State | T4: 24-Month Study | Z4: --Most Probable
D5: 2021 | E5: 2022 | F5: 2023 | L5: 2021 | M5: 2022 | N5: 2023 | T5: 2021 | U5: 2022 | V5: 2023
B6: CAWCD ICS | C6: AZ | D6: 0 | E6: -69100 | F6: -69100 | J6: CAWCD ICS | K6: AZ | L6: 6147 | M6: -52841 | N6: =-'OLD 2023'!$B$28 -> -28160 | R6: CAWCD ICS | S6: AZ | T6: =L6-D6 -> 6147 | U6: =M6-E6 -> 16259 | V6: =N6-F6 -> 40940
B7: CRIT System Conservation Water | C7: AZ | D7: 50000 | E7: 50000 | F7: 0 | J7: CRIT System Conservation Water | K7: AZ | L7: 50000 | M7: 50000 | N7: 0 | R7: CRIT System Conservation Water | S7: AZ | T7: =L7-D7 -> 0 | U7: =M7-E7 -> 0 | V7: =N7-F7 -> 0 | Z7: Conservation Activity (volumes in AF) | AA7: 2021 | AB7: 2022 (Provisional) | AC7: 2023 (Projected)
B8: CRIT ICS | C8: AZ | D8: 4685 | E8: 4685 | F8: 0 | J8: CRIT ICS | K8: AZ | L8: 4685 | M8: 4685 | N8: 0 | R8: CRIT ICS | S8: AZ | T8: =L8-D8 -> 0 | U8: =M8-E8 -> 0 | V8: =N8-F8 -> 0 | Z8: CAP ICS delivery offset | AA8: =T6 -> 6147 | AB8: =U6 -> 16259 | AC8: =V6 -> 40940
B9: CRIT ICS to System Conservation | C9: AZ | D9: 0 | E9: 0 | F9: 0 | J9: CRIT ICS to System Conservation | K9: AZ | L9: 4685 | M9: 4685 | N9: 0 | R9: CRIT ICS to System Conservation | S9: AZ | T9: =L9-D9 -> 4685 | U9: =M9-E9 -> 4685 | V9: =N9-F9 -> 0 | Z9: GRIC System Conservation | AA9: =T12 -> 40000 | AB9: =U12 -> 58837 | AC9: =V12 -> 125000
B10: GRIC ICS | C10: AZ | D10: 40000 | E10: 0 | F10: 0 | J10: GRIC ICS | K10: AZ | L10: 40000 | M10: 78565 | N10: 0 | R10: GRIC ICS | S10: AZ | T10: =L10-D10 -> 0 | U10: =M10-E10 -> 78565 | V10: =N10-F10 -> 0 | Z10: GRIC ICS creation | AA10: =T10 -> 0 | AB10: =U10 -> 78565 | AC10: =V10 -> 0
B11: BHC PSCP | C11: AZ | D11: 360 | E11: 400 | F11: 400 | J11: BHC PSCP | K11: AZ | L11: 369 | M11: 132 | N11: 500 | R11: BHC PSCP | S11: AZ | T11: 0 | U11: 0 | V11: =N11-F11 -> 100 | Z11: CRIT System Conservation (in lieu of ICS) | AA11: =T9 -> 4685 | AB11: =U9 -> 4685 | AC11: =V9 -> 0
B12: GRIC System Conservation Water | C12: AZ | D12: 0 | E12: 0 | F12: 0 | J12: GRIC System Conservation Water | K12: AZ | L12: 40000 | M12: 58837 | N12: 125000 | R12: GRIC System Conservation Water | S12: AZ | T12: =L12-D12 -> 40000 | U12: =M12-E12 -> 58837 | V12: =N12-F12 -> 125000 | Z12: CAWCD System Conservation | AA12: =T17 -> 0 | AB12: =U17 -> 87794 | AC12: =V17 -> 141400
B13: MVIDD System Conservation Water | C13: AZ | D13: 6925 | E13: 0 | F13: 0 | J13: MVIDD System Conservation Water | K13: AZ | L13: 6925 | M13: 9531 | N13: 12819 | R13: MVIDD System Conservation Water | S13: AZ | T13: =L13-D13 -> 0 | U13: =M13-E13 -> 9531 | V13: =N13-F13 -> 12819 | Z13: YMIDD System Conservation | AA13: =T15 -> 0 | AB13: =U15 -> 8523 | AC13: =V15 -> 13670
B14: FMYN System Conservation Water | C14: AZ | D14: 13933 | E14: 13933 | F14: 0 | J14: FMYN System Conservation Water | K14: AZ | L14: 13933 | M14: 13933 | N14: 13933 | R14: FMYN System Conservation Water | S14: AZ | T14: =L14-D14 -> 0 | U14: =M14-E14 -> 0 | V14: =N14-F14 -> 13933 | Z14: MVIDD System Conservation | AA14: =T13 -> 0 | AB14: =U13 -> 9531 | AC14: =V13 -> 12819
B15: YMIDD System Conservation Water | C15: AZ | D15: 0 | E15: 0 | F15: 0 | J15: YMIDD System Conservation Water | K15: AZ | L15: 0 | M15: 8523 | N15: 13670 | R15: YMIDD System Conservation Water | S15: AZ | T15: =L15-D15 -> 0 | U15: =M15-E15 -> 8523 | V15: =N15-F15 -> 13670 | Z15: FMYN System Conservation | AA15: =T14 -> 0 | AB15: =U14 -> 0 | AC15: =V14 -> 13933
B16: Gabrych System Conservation Water | C16: AZ | D16: 0 | E16: 0 | F16: 0 | J16: Gabrych System Conservation Water | K16: AZ | L16: 0 | M16: 0 | N16: 3240 | R16: Gabrych System Conservation Water | S16: AZ | T16: =L16-D16 -> 0 | U16: =M16-E16 -> 0 | V16: =N16-F16 -> 3240 | Z16: Gabrych System Conservation | AA16: =T16 -> 0 | AB16: =U16 -> 0 | AC16: =V16 -> 3240
B17: CAWCD System Conservation Water | C17: AZ | D17: 0 | E17: 0 | F17: 0 | J17: CAWCD System Conservation Water | K17: AZ | L17: 0 | M17: 87794 | N17: ='System Conservation'!S2 -> 141400 | R17: CAWCD System Conservation Water | S17: AZ | T17: =L17-D17 -> 0 | U17: =M17-E17 -> 87794 | V17: =N17-F17 -> 141400 | Z17: MWD ICS delivery offset and/or creation | AA17: =T18 -> 58134 | AB17: =U18 -> 32391 | AC17: =V18 -> 470243
B18: MWD ICS | C18: CA | D18: -76920 | E18: -143783 | F18: -20243 | J18: MWD ICS | K18: CA | L18: -18786 | M18: -111392 | N18: =-'OLD 2023'!B8 -> 450000 | R18: MWD ICS | S18: CA | T18: =L18-D18 -> 58134 | U18: =M18-E18 -> 32391 | V18: =N18-F18 -> 470243 | Z18: PVID System Conservation | AA18: =T21 -> 12305 | AB18: =U21 -> 52921 | AC18: =V21 -> 58400
B19: IID ICS | C19: CA | D19: 1579 | E19: 0 | F19: 0 | J19: IID ICS | K19: CA | L19: 1579 | M19: 0 | N19: 0 | R19: IID ICS | S19: CA | T19: =L19-D19 -> 0 | U19: =M19-E19 -> 0 | V19: =N19-F19 -> 0 | Z19: CVWD System Conservation | AA19: =T22 -> 0 | AB19: =U22 -> 9083 | AC19: =V22 -> 0
B20: Needles PSCP | C20: CA | D20: 145 | E20: 145 | F20: 145 | J20: Needles PSCP | K20: CA | L20: 175 | M20: 141 | N20: 145 | R20: Needles PSCP | S20: CA | T20: =L20-D20 -> 30 | U20: =M20-E20 -> -4 | V20: =N20-F20 -> 0 | Z20: IID System Conservation | AA20: =T23 -> 0 | AB20: =U23 -> 25000 | AC20: =V23 -> 0
B21: PVID System Conservation Water | C21: CA | D21: 0 | E21: 0 | F21: 0 | J21: PVID System Conservation Water | K21: CA | L21: 12305 | M21: 52921 | N21: 58400 | R21: PVID System Conservation Water | S21: CA | T21: =L21-D21 -> 12305 | U21: =M21-E21 -> 52921 | V21: =N21-F21 -> 58400 | Z21: SNWA ICS creation | AA21: =T24 -> 12832 | AB21: =U24 -> 28330 | AC21: =V24 -> 44000
B22: CVWD System Conservation | C22: CA | D22: 0 | E22: 0 | F22: 0 | J22: CVWD System Conservation | K22: CA | L22: 0 | M22: 9083 | N22: 0 | R22: CVWD System Conservation | S22: CA | T22: =L22-D22 -> 0 | U22: =M22-E22 -> 9083 | V22: =N22-F22 -> 0 | Z22: Total (Non-Shortage/DCP) | AA22: =SUM(AA8:AA21) -> 134103 | AB22: =SUM(AB8:AB21) -> 411919 | AC22: =SUM(AC8:AC21) -> 923645
B23: IID System Conservation | C23: CA | D23: 0 | E23: 0 | F23: 0 | J23: IID System Conservation | K23: CA | L23: 0 | M23: 25000 | N23: 0 | R23: IID System Conservation | S23: CA | T23: =L23-D23 -> 0 | U23: =M23-E23 -> 25000 | V23: =N23-F23 -> 0 | Z23: Cumulative | AA23: =AA22 -> 134103 | AB23: =AA23+AB22 -> 546022 | AC23: =AB23+AC22 -> 1469667
B24: SNWA ICS | C24: NV | D24: 37000 | E24: 27000 | F24: 18000 | J24: SNWA ICS | K24: NV | L24: 49832 | M24: 55330 | N24: 62000 | R24: SNWA ICS | S24: NV | T24: =L24-D24 -> 12832 | U24: =M24-E24 -> 28330 | V24: =N24-F24 -> 44000
B25: SNWA Tributary Conservation ICS | C25: NV | D25: 30000 | E25: 30000 | F25: 30000 | J25: SNWA Tributary Conservation ICS | K25: NV | L25: 35408 | M25: 35678 | N25: 30000 | R25: SNWA Tributary Conservation ICS | S25: NV | T25: =L25-D25 -> 5408 | U25: =M25-E25 -> 5678 | V25: =N25-F25 -> 0
B26: LB Total (Non-Shrt/DCP) | C26: LB | D26: =SUM(D6:D25) -> 107707 | E26: =SUM(E6:E25) -> -86720 | F26: =SUM(F6:F25) -> -40798 | J26: LB Total (Non-Shrt/DCP) | K26: LB | L26: =SUM(L6:L25) -> 247257 | M26: =SUM(M6:M25) -> 330605 | N26: =SUM(N6:N25) -> 882947 | R26: LB Total (Non-Shrt/DCP) | S26: LB | T26: =SUM(T6:T25) -> 139541 | U26: =SUM(U6:U25) -> 417593 | V26: =SUM(V6:V25) -> 923745 | Z26: 500 + Plan Goal | AB26: 500000 | AC26: 500000
J27: 242 wellfield | L27: 8813 | M27: 14665 | Z27: Increase needed to achieve goal (Most Probable) | AB27: =AB26-AB22 -> 88081 | AC27: =AC26-AC21 -> 456000
B29: LB Shortage | C29: LB | D29: 0 | E29: 333000 | F29: 417000
B30: LB DCP | C30: LB | D30: 211392 | E30: 200000 | F30: 200000 | J30: =J1 -> Based on July 2023 24-Month Study Assumptions | R30: =R1 -> Difference: APR23 minus JUL21
B31: LB Total | C31: LB | D31: =D26+D29+D30 -> 319099 | E31: =E26+E29+E30 -> 446280 | F31: =F26+F29+F30 -> 576202 | J31: -- Probable Minimum | R31: -- Probable Minimum | Z31: -- Probable Minimum
J33: Project | K33: State | L33: 24-Month Study | R33: Project | S33: State | T33: 24-Month Study | Z33: Conservation Activity (volumes in AF) | AA33: 2021 | AB33: 2022 (Provisional) | AC33: 2023 (Projected)
B34: AZ Total (Non-Shrt/DCP) | C34: AZ | D34: =SUM(D6:D14) -> 115903 | E34: =SUM(E6:E14) -> -82 | F34: =SUM(F6:F14) -> -68700 | L34: 2021 | M34: 2022 | N34: 2023 | T34: 2021 | U34: 2022 | V34: 2023 | Z34: CAP ICS delivery offset | AA34: =T35 -> 6147 | AB34: =U35 -> 16259 | AC34: =V35 -> 40940
J35: CAWCD ICS | K35: AZ | L35: 6147 | M35: =M6 -> -52841 | N35: =-'OLD 2023'!G28 -> -28160 | R35: CAWCD ICS | S35: AZ | T35: =L35-D6 -> 6147 | U35: =M35-E6 -> 16259 | V35: =N35-F6 -> 40940 | Z35: GRIC System Conservation | AA35: =T41 -> 40000 | AB35: =U41 -> 58837 | AC35: =V41 -> 125000
J36: CRIT System Conservation Water | K36: AZ | L36: 50000 | M36: =M7 -> 50000 | N36: 0 | R36: CRIT System Conservation Water | S36: AZ | T36: =L36-D7 -> 0 | U36: =M36-E7 -> 0 | V36: =N36-F7 -> 0 | Z36: GRIC ICS creation | AA36: =T39 -> 0 | AB36: =U39 -> 78565 | AC36: =V39 -> 0
J37: CRIT ICS | K37: AZ | L37: 4685 | M37: =M8 -> 4685 | N37: 0 | R37: CRIT ICS | S37: AZ | T37: =L37-D8 -> 0 | U37: =M37-E8 -> 0 | V37: =N37-F8 -> 0 | Z37: CRIT System Conservation (in lieu of ICS) | AA37: =T38 -> 4685 | AB37: =U38 -> 4685 | AC37: =V38 -> 0
J38: CRIT ICS to System Conservation | K38: AZ | L38: 4685 | M38: =M9 -> 4685 | N38: 0 | R38: CRIT ICS to System Conservation | S38: AZ | T38: =L38-D9 -> 4685 | U38: =M38-E9 -> 4685 | V38: =N38-F9 -> 0 | Z38: CAWCD System Conservation | AA38: =T46 -> 0 | AB38: =U46 -> 87794 | AC38: =V46 -> 141400
B39: CA Total (Non-Shrt/DCP) | C39: CA | D39: =SUM(D18:D20) -> -75196 | E39: =SUM(E18:E20) -> -143638 | F39: =SUM(F18:F20) -> -20098 | J39: GRIC ICS | K39: AZ | L39: 40000 | M39: =M10 -> 78565 | N39: 0 | R39: GRIC ICS | S39: AZ | T39: =L39-D10 -> 0 | U39: =M39-E10 -> 78565 | V39: =N39-F10 -> 0 | Z39: YMIDD System Conservation | AA39: =T44 -> 0 | AB39: =U44 -> 8523 | AC39: =V44 -> 13670
J40: BHC PSCP | K40: AZ | L40: 369 | M40: =M11 -> 132 | N40: 500 | R40: BHC PSCP | S40: AZ | T40: =L40-D11 -> 9 | U40: =M40-E11 -> -268 | V40: =N40-F11 -> 100 | Z40: MVIDD System Conservation | AA40: =T42 -> 0 | AB40: =U42 -> 9531 | AC40: =V42 -> 12819
J41: GRIC System Conservation Water | K41: AZ | L41: 40000 | M41: =M12 -> 58837 | N41: 125000 | R41: GRIC System Conservation Water | S41: AZ | T41: =L41-D12 -> 40000 | U41: =M41-E12 -> 58837 | V41: =N41-F12 -> 125000 | Z41: FMYN System Conservation | AA41: =T43 -> 0 | AB41: =U43 -> 0 | AC41: =V43 -> 13933
B42: NV Total (Non-Shrt/DCP) | C42: NV | D42: =SUM(D24:D25) -> 67000 | E42: =SUM(E24:E25) -> 57000 | F42: =SUM(F24:F25) -> 48000 | J42: MVIDD System Conservation Water | K42: AZ | L42: 6925 | M42: =M13 -> 9531 | N42: 12819 | R42: MVIDD System Conservation Water | S42: AZ | T42: =L42-D13 -> 0 | U42: =M42-E13 -> 9531 | V42: =N42-F13 -> 12819 | Z42: Gabrych System Conservation | AA42: =T45 -> 0 | AB42: =U45 -> 0 | AC42: =V45 -> 3240
J43: FMYN System Conservation Water | K43: AZ | L43: 13933 | M43: =M14 -> 13933 | N43: 13933 | R43: FMYN System Conservation Water | S43: AZ | T43: =L43-D14 -> 0 | U43: =M43-E14 -> 0 | V43: =N43-F14 -> 13933 | Z43: MWD ICS delivery offset and/or creation | AA43: =T47 -> 58134 | AB43: =U47 -> 32391 | AC43: =V47 -> 470243
J44: YMIDD System Conservation Water | K44: AZ | L44: 0 | M44: =M15 -> 8523 | N44: 13670 | R44: YMIDD System Conservation Water | S44: AZ | T44: =L44-D15 -> 0 | U44: =M44-E15 -> 8523 | V44: =N44-F15 -> 13670 | Z44: PVID System Conservation | AA44: =T50 -> 12305 | AB44: =U50 -> 52921 | AC44: =V50 -> 58400
J45: Gabrych System Conservation Water | K45: AZ | L45: 0 | M45: 0 | N45: 3240 | R45: Gabrych System Conservation Water | S45: AZ | T45: =L45-D16 -> 0 | U45: =M45-E16 -> 0 | V45: =N45-F16 -> 3240 | Z45: CVWD System Conservation | AA45: =T51 -> 0 | AB45: =U51 -> 9083 | AC45: =V51 -> 0
J46: CAWCD System Conservation Water | K46: AZ | L46: 0 | M46: =M17 -> 87794 | N46: =N17 -> 141400 | R46: CAWCD System Conservation Water | S46: AZ | T46: =L46-D17 -> 0 | U46: =M46-E17 -> 87794 | V46: =N46-F17 -> 141400 | Z46: IID System Conservation | AA46: =T52 -> 0 | AB46: =U52 -> 25000 | AC46: =V52 -> 0
J47: MWD ICS | K47: CA | L47: -18786 | M47: =M18 -> -111392 | N47: =-'OLD 2023'!G8 -> 450000 | R47: MWD ICS | S47: CA | T47: =L47-D18 -> 58134 | U47: =M47-E18 -> 32391 | V47: =N47-F18 -> 470243 | Z47: SNWA ICS creation | AA47: =T53 -> 12832 | AB47: =U53 -> 28330 | AC47: =V53 -> 34000
J48: IID ICS | K48: CA | L48: 1579 | M48: =M19 -> 0 | N48: 0 | R48: IID ICS | S48: CA | T48: =L48-D19 -> 0 | U48: =M48-E19 -> 0 | V48: =N48-F19 -> 0 | Z48: Total (Non-Shortage/DCP) | AA48: =SUM(AA34:AA47) -> 134103 | AB48: =SUM(AB34:AB47) -> 411919 | AC48: =SUM(AC34:AC47) -> 913645
J49: Needles PSCP | K49: CA | L49: 175 | M49: =M20 -> 141 | N49: 145 | R49: Needles PSCP | S49: CA | T49: =L49-D20 -> 30 | U49: =M49-E20 -> -4 | V49: =N49-F20 -> 0 | Z49: Cumulative | AA49: =AA48 -> 134103 | AB49: =AA49+AB48 -> 546022 | AC49: =AB49+AC48 -> 1459667
J50: PVID System Conservation Water | K50: CA | L50: 12305 | M50: =M21 -> 52921 | N50: 58400 | R50: PVID System Conservation Water | S50: CA | T50: =L50-D21 -> 12305 | U50: =M50-E21 -> 52921 | V50: =N50-F21 -> 58400
J51: CVWD System Conservation | K51: CA | L51: 0 | M51: =M22 -> 9083 | N51: 0 | R51: CVWD System Conservation | S51: CA | T51: =L51-D22 -> 0 | U51: =M51-E22 -> 9083 | V51: =N51-F22 -> 0
J52: IID System Conservation | K52: CA | L52: 0 | M52: =M23 -> 25000 | N52: 0 | R52: IID System Conservation | S52: CA | T52: =L52-D23 -> 0 | U52: =M52-E23 -> 25000 | V52: =N52-F23 -> 0
J53: SNWA ICS | K53: NV | L53: 49832 | M53: =M24 -> 55330 | N53: 52000 | R53: SNWA ICS | S53: NV | T53: =L53-D24 -> 12832 | U53: =M53-E24 -> 28330 | V53: =N53-F24 -> 34000
J54: SNWA Tributary Conservation ICS | K54: NV | L54: 35408 | M54: =M25 -> 35678 | N54: 30000 | R54: SNWA Tributary Conservation ICS | S54: NV | T54: =L54-D25 -> 5408 | U54: =M54-E25 -> 5678 | V54: =N54-F25 -> 0
J55: LB Total (Non-Shrt/DCP) | K55: LB | L55: =SUM(L35:L54) -> 247257 | M55: =SUM(M35:M54) -> 330605 | N55: =SUM(N35:N54) -> 872947 | R55: LB Total (Non-Shrt/DCP) | S55: LB | T55: =SUM(T35:T54) -> 139550 | U55: =SUM(U35:U54) -> 417325 | V55: =SUM(V35:V54) -> 913745
J59: =J30 -> Based on July 2023 24-Month Study Assumptions | R59: =R1 -> Difference: APR23 minus JUL21 | Z59: -- Probable Maximum
J60: -- Probable Maximum | R60: -- Probable Maximum
J62: Project | K62: State | L62: 24-Month Study | R62: Project | S62: State | T62: 24-Month Study | Z62: Conservation Activity (volumes in AF) | AA62: 2021 | AB62: 2022 (Provisional) | AC62: 2023 (Projected)
L63: 2021 | M63: 2022 | N63: 2023 | T63: 2021 | U63: 2022 | V63: 2023 | Z63: CAP ICS delivery offset | AA63: =T64 -> 6147 | AB63: =U64 -> 16259 | AC63: =V64 -> -10900
J64: CAWCD ICS | K64: AZ | L64: 6147 | M64: =M6 -> -52841 | N64: -80000 | R64: CAWCD ICS | S64: AZ | T64: =L64-D6 -> 6147 | U64: =M64-E6 -> 16259 | V64: =N64-F6 -> -10900 | Z64: GRIC System Conservation | AA64: =T70 -> 40000 | AB64: =U70 -> 58837 | AC64: =V70 -> 125000
J65: CRIT System Conservation Water | K65: AZ | L65: 50000 | M65: =M7 -> 50000 | N65: 0 | R65: CRIT System Conservation Water | S65: AZ | T65: =L65-D7 -> 0 | U65: =M65-E7 -> 0 | V65: =N65-F7 -> 0 | Z65: GRIC ICS creation | AA65: =T68 -> 0 | AB65: =U68 -> 78565 | AC65: =V68 -> 0
J66: CRIT ICS | K66: AZ | L66: 4685 | M66: =M8 -> 4685 | N66: 0 | R66: CRIT ICS | S66: AZ | T66: =L66-D8 -> 0 | U66: =M66-E8 -> 0 | V66: =N66-F8 -> 0 | Z66: CRIT System Conservation (in lieu of ICS) | AA66: =T67 -> 4685 | AB66: =U67 -> 4685 | AC66: =V67 -> 0
J67: CRIT ICS to System Conservation | K67: AZ | L67: 4685 | M67: =M9 -> 4685 | N67: 0 | R67: CRIT ICS to System Conservation | S67: AZ | T67: =L67-D9 -> 4685 | U67: =M67-E9 -> 4685 | V67: =N67-F9 -> 0 | Z67: CAWCD System Conservation | AA67: =T75 -> 0 | AB67: =U75 -> 87794 | AC67: =V75 -> 0
J68: GRIC ICS | K68: AZ | L68: 40000 | M68: =M10 -> 78565 | N68: 0 | R68: GRIC ICS | S68: AZ | T68: =L68-D10 -> 0 | U68: =M68-E10 -> 78565 | V68: =N68-F10 -> 0 | Z68: YMIDD System Conservation | AA68: =T73 -> 0 | AB68: =U73 -> 8523 | AC68: =V73 -> 13670
J69: BHC PSCP | K69: AZ | L69: 369 | M69: =M11 -> 132 | N69: 500 | R69: BHC PSCP | S69: AZ | T69: =L69-D11 -> 9 | U69: =M69-E11 -> -268 | V69: =N69-F11 -> 100 | Z69: MVIDD System Conservation | AA69: =T71 -> 0 | AB69: =U71 -> 9531 | AC69: =V71 -> 12819
J70: GRIC System Conservation Water | K70: AZ | L70: 40000 | M70: =M12 -> 58837 | N70: 125000 | R70: GRIC System Conservation Water | S70: AZ | T70: =L70-D12 -> 40000 | U70: =M70-E12 -> 58837 | V70: =N70-F12 -> 125000 | Z70: FMYN System Conservation | AA70: =T72 -> 0 | AB70: =U72 -> 0 | AC70: =V72 -> 13933
J71: MVIDD System Conservation Water | K71: AZ | L71: 6925 | M71: =M13 -> 9531 | N71: 12819 | R71: MVIDD System Conservation Water | S71: AZ | T71: =L71-D13 -> 0 | U71: =M71-E13 -> 9531 | V71: =N71-F13 -> 12819 | Z71: Gabrych System Conservation | AA71: =T74 -> 0 | AB71: =U74 -> 0 | AC71: =V74 -> 3240
J72: FMYN System Conservation Water | K72: AZ | L72: 13933 | M72: =M14 -> 13933 | N72: 13933 | R72: FMYN System Conservation Water | S72: AZ | T72: =L72-D14 -> 0 | U72: =M72-E14 -> 0 | V72: =N72-F14 -> 13933 | Z72: MWD ICS delivery offset and/or creation | AA72: =T76 -> 58134 | AB72: =U76 -> 32391 | AC72: =V76 -> 470243
J73: YMIDD System Conservation Water | K73: AZ | L73: 0 | M73: =M15 -> 8523 | N73: 13670 | R73: YMIDD System Conservation Water | S73: AZ | T73: =L73-D15 -> 0 | U73: =M73-E15 -> 8523 | V73: =N73-F15 -> 13670 | Z73: PVID System Conservation | AA73: =T79 -> 12305 | AB73: =U79 -> 52921 | AC73: =V79 -> 93400
J74: Gabrych System Conservation Water | K74: AZ | L74: 0 | M74: 0 | N74: 3240 | R74: Gabrych System Conservation Water | S74: AZ | T74: =L74-D16 -> 0 | U74: =M74-E16 -> 0 | V74: =N74-F16 -> 3240 | Z74: CVWD System Conservation | AA74: =T80 -> 0 | AB74: =U80 -> 9083 | AC74: =V80 -> 0
J75: CAWCD System Conservation Water | K75: AZ | L75: 0 | M75: =M17 -> 87794 | N75: 0 | R75: CAWCD System Conservation Water | S75: AZ | T75: =L75-D17 -> 0 | U75: =M75-E17 -> 87794 | V75: =N75-F17 -> 0 | Z75: IID System Conservation | AA75: =T81 -> 0 | AB75: =U81 -> 25000 | AC75: =V81 -> 0
J76: MWD ICS | K76: CA | L76: -18786 | M76: =M18 -> -111392 | N76: =-'OLD 2023'!L8 -> 450000 | R76: MWD ICS | S76: CA | T76: =L76-D18 -> 58134 | U76: =M76-E18 -> 32391 | V76: =N76-F18 -> 470243 | Z76: SNWA ICS creation | AA76: =T82 -> 12832 | AB76: =U82 -> 28330 | AC76: =V82 -> 23333
J77: IID ICS | K77: CA | L77: 1579 | M77: =M19 -> 0 | N77: 0 | R77: IID ICS | S77: CA | T77: =L77-D19 -> 0 | U77: =M77-E19 -> 0 | V77: =N77-F19 -> 0 | Z77: Total (Non-Shortage/DCP) | AA77: =SUM(AA63:AA76) -> 134103 | AB77: =SUM(AB63:AB76) -> 411919 | AC77: =SUM(AC63:AC76) -> 744738
J78: Needles PSCP | K78: CA | L78: 175 | M78: =M20 -> 141 | N78: 145 | R78: Needles PSCP | S78: CA | T78: =L78-D20 -> 30 | U78: =M78-E20 -> -4 | V78: =N78-F20 -> 0 | Z78: Cumulative | AA78: =AA77 -> 134103 | AB78: =AA78+AB77 -> 546022 | AC78: =AB78+AC77 -> 1290760
J79: PVID System Conservation Water | K79: CA | L79: 12305 | M79: =M21 -> 52921 | N79: =-'OLD 2023'!L11 -> 93400 | R79: PVID System Conservation Water | S79: CA | T79: =L79-D21 -> 12305 | U79: =M79-E21 -> 52921 | V79: =N79-F21 -> 93400
J80: CVWD System Conservation | K80: CA | L80: 0 | M80: =M22 -> 9083 | N80: 0 | R80: CVWD System Conservation | S80: CA | T80: =L80-D22 -> 0 | U80: =M80-E22 -> 9083 | V80: =N80-F22 -> 0
J81: IID System Conservation | K81: CA | L81: 0 | M81: =M23 -> 25000 | N81: 0 | R81: IID System Conservation | S81: CA | T81: =L81-D23 -> 0 | U81: =M81-E23 -> 25000 | V81: =N81-F23 -> 0
J82: SNWA ICS | K82: NV | L82: 49832 | M82: =M24 -> 55330 | N82: 41333 | R82: SNWA ICS | S82: NV | T82: =L82-D24 -> 12832 | U82: =M82-E24 -> 28330 | V82: =N82-F24 -> 23333
J83: SNWA Tributary Conservation ICS | K83: NV | L83: 35408 | M83: =M25 -> 35678 | N83: 30000 | R83: SNWA Tributary Conservation ICS | S83: NV | T83: =L83-D25 -> 5408 | U83: =M83-E25 -> 5678 | V83: =N83-F25 -> 0
J84: LB Total (Non-Shrt/DCP) | K84: LB | L84: =SUM(L64:L83) -> 247257 | M84: =SUM(M64:M83) -> 330605 | N84: =SUM(N64:N83) -> 704040 | R84: LB Total (Non-Shrt/DCP) | S84: LB | T84: =SUM(T64:T83) -> 139550 | U84: =SUM(U64:U83) -> 417325 | V84: =SUM(V64:V83) -> 744838

Sheet Reductions for MSCP
B2: 45054
B3: Volume Reduction Below Hoover
C4: 2023 | D4: 2024 | E4: 2025
B5: MOST | C5: 906442 | D5: 585119 | E5: 635119
B6: MIN | C6: 754811 | D6: 445119 | E6: 577718
B7: MAX
B9: =B2 -> 45054
B10: Available Volume below 845 KAF
C11: 2023 | D11: 2024 | E11: 2025
B12: MOST | C12: =845000-C5 -> -61442 | D12: =845000-D5 -> 259881 | E12: =845000-E5 -> 209881
B13: MIN | C13: =845000-C6 -> 90189 | D13: =845000-D6 -> 399881 | E13: =845000-E6 -> 267282
B14: MAX | C14: =845000-C7 -> 845000 | D14: =845000-D7 -> 845000 | E14: =845000-E7 -> 845000

Sheet Effective Elevations
A1: MOST | B1: 44958
K2: MOST
B3: Powell Physical Storage | C3: Powell Effective Storage | D3: Mead Physical Storage | E3: Mead Effective Storage | G3: Diff - Effective Storage | H3: Diff - Physical Storage | N3: Physical Elevation | O3: Effective Elevation
A4: 45170 | B4: 7548.72 | C4: 7068.72 | D4: 6588.72 | E4: 7068.72 | G4: =C4-E4 -> 0 | H4: =B4-D4 -> 960 | L4: Powell | M4: 45170 | N4: 3556.61 | O4: 3549.56
A5: 45536 | B5: 8512.94 | C5: 8032.94 | D5: 5520.23 | E5: 6000.23 | G5: =C5-E5 -> 2032.71 | H5: =B5-D5 -> 2992.71 | L5: Mead | M5: 45170 | N5: 1034.27 | O5: 1041.32
A6: 45901 | B6: 9871.8 | C6: 9391.8 | D6: 4559.87 | E6: 5039.87 | G6: =C6-E6 -> 4351.93 | H6: =B6-D6 -> 5311.93 | L6: Powell | M6: 45282 | N6: 3552 | O6: 3544.75
L7: Mead | M7: 45282 | N7: 1034.62 | O7: 1041.65
A8: Tier Determination Elev | B8: 2023 | C8: 2024 | L8: Powell | M8: 45536 | N8: 3569.93 | O8: 3563.44
A9: Powell | B9: 3538.66 | C9: 3555.07 | L9: Mead | M9: 45536 | N9: 1017.68 | O9: 1025.3
A10: Mead | B10: 1041.65 | C10: 1026.11 | L10: Powell | M10: 45648 | N10: 3567.21 | O10: 3560.6
L11: Mead | M11: 45648 | N11: 1018.52 | O11: 1026.11
A13: MIN | B13: 44958 | K13: MIN
B14: Powell Physical Storage | C14: Powell Effective Storage | D14: Mead Physical Storage | E14: Mead Effective Storage | G14: Diff - Effective Storage | H14: Diff - Physical Storage | N14: Physical Elevation | O14: Effective Elevation
A15: 45170 | B15: 6842.67 | C15: 6362.67 | D15: 5882.67 | E15: 6362.67 | G15: =C15-E15 -> 0 | H15: =B15-D15 -> 960 | L15: Powell | M15: 45170 | N15: 3546.13 | O15: 3538.62
A16: 45536 | B16: 6138.42 | C16: 5658.42 | D16: 4331.46 | E16: 4811.46 | G16: =C16-E16 -> 846.96 | H16: =B16-D16 -> 1806.96 | L16: Mead | M16: 45170 | N16: 1023.46 | O16: 1030.87
A17: 45901 | B17: 5708.08 | C17: 5228.08 | D17: 4748.08 | E17: 5228.08 | G17: =C17-E17 -> 0 | H17: =B17-D17 -> 960 | L17: Powell | M17: 45282 | N17: 3539.35 | O17: 3531.53
L18: Mead | M18: 45282 | N18: 1022.94 | O18: 1030.37
L19: Powell | M19: 45536 | N19: 3535 | O19: 3526.96
A20: Tier Determination Elev | B20: 2023 | C20: 2024 | L20: Mead | M20: 45536 | N20: 997.43 | O20: 1005.87
A21: Powell | B21: 3524.92 | C21: 3513.17 | L21: Powell | M21: 45648 | N21: 3521.91 | O21: 3513.17
A22: Mead | B22: 1030.37 | C22: 1013.39 | L22: Mead | M22: 45648 | N22: 1005.3 | O22: 1013.39
A28: MAX | B28: 44781 | K28: MAX
G29: Diff - Effective Storage | H29: Diff - Physical Storage | N29: Physical Elevation | O29: Effective Elevation
B30: Powell Physical Storage | C30: Powell Effective Storage | D30: Mead Physical Storage | E30: Mead Effective Storage | G30: =C31-E31 -> 394.29 | H30: =B31-D31 -> 1354.29 | L30: Powell | M30: 45170 | N30: 3582.24 | O30: 3576.21
A31: 45170 | B31: 9474.53 | C31: =B31-480 -> 8994.53 | D31: 8120.24 | E31: =D31+480 -> 8600.24 | G31: =C32-E32 -> 4771.45 | H31: =B32-D32 -> 5731.45 | L31: Mead | M31: 45170 | N31: 1055.97 | O31: 1062.32
A32: 45536 | B32: 12831.38 | C32: =B32-480 -> 12351.38 | D32: 7099.93 | E32: =D32+480 -> 7579.93 | L32: Powell | M32: 45282 | N32: 3580.99 | O32: 3574.91
L33: Mead | M33: 45282 | N33: 1056.89 | O33: 1063.22
A34: Tier Determination Elev | B34: 2023 | C34: 2024 | L34: Powell | M34: 45536 | N34: 3619.23 | O34: 3614.46
A35: Powell | B35: 3569.84 | C35: 3609.39 | L35: Mead | M35: 45536 | N35: 1041.77 | O35: 1048.57
A36: Mead | B36: 1063.22 | C36: 1054.03 | L36: Powell | M36: 45648 | N36: 3614.35 | O36: 3609.39
L37: Mead | M37: 45648 | N37: 1047.41 | O37: 1054.03

Sheet ICS Creation
B2: 2021 Total EC ICS Creation | E2: 2022 Total EC ICS Creation | H2: 2023 Total EC ICS Creation
B3: MWD (Delivery) | C3: -35994 | E3: MWD | F3: -143783 | H3: MWD | I3: -20243
B4: IID | C4: 1579 | E4: IID | F4: 0 | H4: IID | I4: 0
B5: CA Total | C5: =SUM(C3:C4) -> -34415 | E5: CA Total | F5: =SUM(F3:F4) -> -143783 | H5: CA Total | I5: =SUM(I3:I4) -> -20243
B7: GRIC | C7: 40000 | D7: =C4+C7+C8+C13+3500 -> 84764 | E7: GRIC | F7: 0 | H7: GRIC | I7: 0
B8: CRIT | C8: 4685 | E8: CRIT | F8: 4685 | H8: CRIT | I8: 0
B9: MVIDD | C9: 0 | E9: MVIDD | F9: 0 | H9: MVIDD | I9: 0
B10: CAWCD (EC + DCP) | C10: 60500 | E10: CAWCD | F10: =60500-69100 -> -8600 | G10: (creation 60.5 kaf DCP and delivery of 69.1 kaf Shortage) | H10: CAWCD | I10: =60500-69100 -> -8600
B11: AZ Total | C11: =SUM(C7:C10) -> 105185 | E11: AZ Total | F11: =SUM(F7:F10) -> -3915 | G11: delivery of 69,100 | H11: AZ Total | I11: =SUM(I7:I10) -> -8600 | J11: (creation 60.5 kaf DCP and delivery of 69.1 kaf Shortage)
G12: 60000 | J12: delivery of 69,100
B13: SNWA EC | C13: 35000 | E13: SNWA EC | F13: 27000 | G13: 9100 | H13: SNWA EC | I13: 18000 | J13: 60000
B14: Tributary Conversion to EC | C14: 31294 | E14: Tributary Conversion to EC | F14: 27000 | H14: Tributary Conversion to EC | I14: 27000 | J14: 9100
B16: Total ICS Creation through Conservation | C16: =C13+C11+C5 -> 105770 | E16: Total EC Creation through Conservation | F16: =F13+F11+F5 -> -120698 | H16: Total EC Creation through Conservation | I16: =I13+I11+I5 -> -10843
B21: 2020 ICS Estimates
B22: Used in March 24-Month Studies
B23: ARIZONA
B24: GRIC | C24: 83000
B25: CRIT | C25: 3736
B26: MVIDD | C26: 0 | D26: Delivery of:
B27: CAWCD | C27: 47810 | D27: 16693 | E27: =C27-D27 -> 31117
B28: AZ Total Creation | C28: =SUM(C24:C27) -> 134546 | E28: =E27*0.9 -> 28005.3
B29: AZ EC Balance | C29: 451102
E30: 235757
B31: AZ BICS Creation | C31: 9091 | E31: =D27*0.9 -> 15023.7
B32: AZ BICS Balance | C32: 32841 | E32: =D38 -> 0
B34: AZ DCP | C34: 0 | E34: =SUM(E30:E32) -> 250780.7
B35: AZ DCP Balance | C35: 0
B37: AZ ICS Bank | C37: =C29+C32 -> 483943

Sheet OLD 2023
A1: Calendar Year 2023 Water Use Projections | F1: Calendar Year 2023 Water Use Projections | K1: Calendar Year 2023 Water Use Projections
A2: Most Probable Inflow | F2: Probable Minimum Inflow | K2: Probable Maximum Inflow
A3: Projected Operating Condition - Level 2 Shortage | F3: Projected Operating Condition - Level 2 Shortage | K3: Projected Operating Condition - Level 2 Shortage (1045-1050)
I4: =842855-805000 -> 37855
A5: California | B5: Values in AF | D5: Notes | F5: California | G5: Values in AF | I5: Notes | K5: California | L5: Values in AF | N5: Notes
A6: Basic apportionment | B6: 4400000 | F6: Basic apportionment | G6: 4400000 | K6: Basic apportionment | L6: 4400000
A7: MWD - Storage of NV unused | B7: =B31+B43 -> 0 | F7: MWD - Storage of NV unused | G7: =G31+G43 -> 0 | K7: MWD - Storage of NV unused | L7: 0
A8: MWD - ICS (delivery or creation) | B8: =-450000 -> -450000 | D8: MWD annual diversion = 663.6 kaf | F8: MWD - ICS (delivery or creation) | G8: =-450000 -> -450000 | I8: MWD annual Diversion = 664 kaf. | J8: =1108162-1087000 -> 21162 | K8: MWD - ICS (delivery or creation) | L8: -450000 | N8: MWD annual diversion = 680 kaf | O8: =988000-968891 -> 19109
A9: IID - ICS (delivery or creation) | B9: 0 | D9: Based on anticipated ICS plan | F9: IID - ICS (delivery or creation) | G9: 0 | I9: Based on anticipated ICS plan | K9: IID - ICS (delivery or creation) | L9: 0 | N9: Based on anticipated ICS plan
A10: California- Water left in Mead | B10: -80859 | D10: Based on MWD reaching ICS creation limits | F10: California- Water left in Mead | G10: =-80859 -> -80859 | K10: California- Water left in Mead | L10: =-119629-1825 -> -121454
A11: System Conservation | B11: =-'System Conservation'!AI2 -> -225618 | D11: PVID Fallowing + See system conservation tab | F11: System Conservation | G11: =B11 -> -225618 | I11: PVID Fallowing | K11: System Conservation | L11: -93400 | N11: PVID Fallowing and CVWD
A12: PSCP (Needles) | B12: -145 | F12: PSCP (Needles) | G12: -145 | K12: PSCP (Needles) | L12: -145
A13: Estimated CA adjusted apportionment | B13: =SUM(B6:B12) -> 3643378 | F13: Estimated CA adjusted apportionment | G13: =SUM(G6:G12) -> 3643378 | K13: Estimated CA adjusted apportionment | L13: =SUM(L6:L12) -> 3735001 | S13: =2246838-2326838 -> -80000
A14: Modeled CA state total | B14: =B13+B15 -> 3643378 | D14: =842768-804000 -> 38768 | F14: Modeled CA state total | G14: =G13+G15 -> 3643378 | I14: =744118-690000 -> 54118 | K14: Modeled CA state total | L14: =L13+L15 -> 3735001
A15: Unused - interstate banking | B15: 0 | F15: Unused - interstate banking | G15: 0 | K15: Unused - interstate banking | L15: 0
A16: Unused - left in system | B16: 0 | F16: Unused - left in system | G16: 0 | K16: Unused - left in system | L16: 0
A18: Arizona | B18: Values in AF | D18: Notes | F18: Arizona | G18: Values in AF | I18: Notes | K18: Arizona | L18: Values in AF | N18: Notes
A19: Basic apportionment | B19: 2800000 | F19: Basic apportionment | G19: 2800000 | K19: Basic apportionment | L19: 2800000
A20: Shortage volume (IF YEAR 1) | B20: 0 | F20: Shortage volume (IF YEAR 1) | G20: 0 | K20: Shortage volume (IF YEAR 1) | L20: 0
A21: CAP - Storage of NV unused | B21: 0 | D21: CAP annual diversion of 0.831 maf | F21: CAP - Storage of NV unused | G21: 0 | I21: CAP annual diversion of 831 kaf | K21: CAP - Storage of NV unused | L21: 0 | N21: CAP annual diversion of 851 kaf
A22: AZ - ICS (delivery or creation) | B22: 0 | F22: AZ - ICS (delivery or creation) | G22: 0 | K22: AZ - ICS (delivery or creation) | L22: 0
A23: Estimated payback(s) | B23: 0 | F23: Estimated payback(s) | G23: 0 | K23: Estimated payback(s) | L23: 0
A24: PSCP (BHC 2) | B24: -500 | F24: PSCP (BHC 2) | G24: -500 | K24: PSCP (BHC 2) | L24: -500
A25: AZ - System Water | B25: =-SUM('System Conservation'!S2,'System Conservation'!AA2) -> -319489 | D25: See System Conservation tab | F25: AZ - System Water | G25: =B25 -> -319489 | I25: See System Conservation tab | K25: AZ - System Water | L25: =B25 -> -319489 | N25: =D25 -> See System Conservation tab
A26: Estimated AZ adjusted apportionment for Model Input Outyears | B26: =SUM(B19:B25) -> 2480011 | F26: Estimated AZ adjusted apportionment for Model Input Outyears | G26: =SUM(G19:G25) -> 2480011 | K26: Estimated AZ adjusted apportionment for Model Input Outyears | L26: =SUM(L19:L25) -> 2480011
A27: DCP Contribution | B27: -192000 | D27: 192 kaf DCP contribution (No ICS due to full bank) | F27: DCP Contribution | G27: -192000 | I27: 192 kaf DCP contribution (No ICS due to full bank) | K27: DCP Contribution | L27: -192000 | N27: 192 kaf DCP contribution with 13.014 kaf DCP ICS
A28: CAWCD ICS creation/delivery | B28: =40000-5625-2303-3912 -> 28160 | D28: Delivery of 32.1 kaf ICS | F28: CAWCD ICS creation/delivery | G28: =32072-3912 -> 28160 | I28: Delivery of 28.1 kaf ICS | K28: CAWCD ICS creation/delivery | L28: 40000 | N28: Delivery of 40 kaf (tribal)
A29: Shortage Volume if Outyear | B29: -400000 | D29: shortage volume | F29: Shortage Volume if Outyear | G29: -400000 | I29: shortage volume | K29: Shortage Volume if Outyear | L29: -400000 | N29: shortage volume
A30: Modeled AZ state total for Model Input Year 1 | B30: =SUM(B26:B29) -> 1916171 | F30: Modeled AZ state total for Model Input Year 1 | G30: =SUM(G26:G29) -> 1916171 | K30: Modeled AZ state total for Model Input Year 1 | L30: =SUM(L26:L29) -> 1928011
A31: Unused - interstate banking | B31: 0 | F31: Unused - interstate banking | G31: 0 | K31: Unused - interstate banking | L31: 0
A32: ICS converted to system water due to full bank | B32: 16640 | D32: DCP ICS to system water being converted | F32: ICS converted to system water due to full bank | G32: 16640 | I32: DCP ICS to system water being converted | K32: ICS converted to system water due to full bank | L32: 4800 | N32: DCP ICS to system water being converted
A34: Nevada | D34: Notes | F34: Nevada | I34: Notes | K34: Nevada | N34: Notes
A35: Basic apportionment | B35: 300000 | F35: Basic apportionment | G35: 300000 | K35: Basic apportionment | L35: 300000
A36: Nevada shortage volume | B36: -17000 | F36: Nevada shortage volume | G36: -17000 | K36: Nevada shortage volume | L36: -17000
A37: SNWA - ICS delivery or creation | B37: -92000 | D37: 92,000 AF intended ICS becomes system water due to full bank | F37: SNWA - ICS creation | G37: -92000 | I37: 92,000 AF intended ICS becomes system water due to full bank | K37: SNWA - ICS creation | L37: -92000 | N37: Shortage of 17 kaf.
A38: DSS taken during shortage | B38: 0 | F38: DSS taken during shortage | G38: 0 | K38: DSS taken during shortage | L38: 0
A39: Estimated NV adjusted apportionment | B39: =SUM(B35:B38) -> 191000 | D39: NV demand 191000 | F39: Estimated NV adjusted apportionment | G39: =G35+G37+G38+G36 -> 191000 | I39: NV demand 231000 | K39: Estimated NV adjusted apportionment | L39: =L35+L37+L38+L36 -> 191000
A40: Shortage Volume | B40: -17000 | D40: reflected as a decrease in ICS creation - no impact to diversion | F40: Shortage Volume | G40: -17000 | I40: reflected as a decrease in ICS creation - no impact to diversion | K40: Shortage Volume | L40: -17000 | N40: reflected as a decrease in ICS creation - no impact to diversion
A41: DCP Contribution | B41: 0 | D41: Paper water conversion of -8000 AF DCP | F41: SNWA - Estimated unused | G41: 0 | I41: Paper water conversion of -8000 AF DCP | K41: SNWA - Estimated unused | L41: 0 | N41: Paper water conversion of -8000 AF DCP
A42: Modeled NV state total | B42: =B39+B47+B48 -> 191000 | D42: SNWA annual use of 186 kaf | F42: Modeled NV state total | G42: =G39+G47+G48 -> 191000 | I42: SNWA annual use of 186 kaf | K42: Modeled NV state total | L42: =L39+L47+L48 -> 191000 | N42: SNWA annual use of 186 kaf
A43: Unused - interstate banking | B43: 0 | F43: Unused - interstate banking | G43: 0 | K43: Unused - interstate banking | L43: 0 | N43: ICS bank full. This volume needs to be vacated.
A44: Unused - left in system | B44: 0 | F44: Unused - left in system | G44: 0 | K44: Unused - left in system | L44: 0
A45: PSCP water - left in system | B45: 0 | F45: PSCP water - left in system | G45: 0 | K45: PSCP water - left in system | L45: 0
A46: Tributary conservation - left in system | B46: 30000 | F46: Tributary conservation - left in system | G46: 30000 | K46: Tributary conservation - left in system | L46: 30000 | N46: Tributary conservation - due to full bank modeled as system water (30 kaf)
A47: ICS delivered due to full bank | B47: 0 | F47: ICS delivered due to full bank | G47: 0 | K47: ICS delivered due to full bank | L47: 0
A48: Intended Tributary Vacated Due to full bank | B48: 0 | D48: Tributary creation post tax | F48: Intended Tributary Vacated Due to full bank | G48: 0 | K48: Intended Tributary Vacated Due to full bank | L48: 0
A49: ICS converted to system water due to full bank | B49: =22400+27690+100000 -> 150090 | D49: DCP ICS of 22,400+ECICS of 127,690 | F49: ICS converted to system water due to full bank | G49: =127690+22400 -> 150090 | I49: DCP ICS of 22,400+ECICS of 127,690 | K49: ICS converted to system water due to full bank | L49: 232890 | N49: DCP ICS of 22,400+ECICS of 127,690+82,800 Intended ECICS creation
A51: Projected Lower Basin Use (U.S. contractors only) | B51: =SUM(B14,B30,B42) -> 5750549 | F51: Projected Lower Basin Use (U.S. contractors only) | G51: =SUM(G14,G30,G42) -> 5750549 | K51: Projected Lower Basin Use (U.S. contractors only) | L51: =SUM(L14,L30,L42) -> 5854012
A52: Mexico Use | B52: =1500000-70000-30000-17302 -> 1382698 | D52: MX BNWSCP contribution of 30 KAF and shortage assessment of 70 KAF Water Reserve creation of 17302 AF | F52: Mexico Use | G52: =1500000-70000-30000-17302 -> 1382698 | I52: MX BNWSCP contribution of 30 KAF and shortage assessment of 70 KAF Water Reserve creation of 17302 AF | K52: Mexico Use | L52: 1382698 | N52: MX BNWSCP contribution of 30 KAF and shortage assessment of 70 KAF Water Reserve creation of 17302 AF
A53: Total Basin Use | B53: =B51+B52 -> 7133247 | F53: Total Basin Use | G53: =G51+G52 -> 7133247 | K53: Total Basin Use | L53: =L51+L52 -> 7236710
D54: =B39+3163 -> 194163

Sheet OLD 2024
A1: Calendar Year 2024 Water Use Projections | B1: Θ | D1: =1001717-903000 -> 98717 | F1: Calendar Year 2024 Water Use Projections | G1: =999000-1015185 -> -16185 | K1: Calendar Year 2024 Water Use Projections
A2: Most Probable Inflow | F2: Probable Minimum Inflow | K2: Probable Maximum Inflow | L2: =994907-916000 -> 78907
A3: Projected Operating Condition - Level 1 Shortage (1050-1075) | F3: Projected Operating Condition - Level 1 Shortage (1050-1075) | I3: =917000-1007645 -> -90645 | K3: Projected Operating Condition - Level 1 Shortage (1050-1075)
A5: California | B5: Values in AF | D5: Notes | F5: California | G5: Values in AF | I5: Notes | K5: California | L5: Values in AF | N5: Notes
A6: Basic apportionment | B6: 4400000 | F6: Basic apportionment | G6: 4400000 | K6: Basic apportionment | L6: 4400000
A7: MWD - Storage of NV unused | B7: =B31+B44 -> 0 | F7: MWD - Storage of NV unused | G7: =G31+G44 -> 0 | K7: MWD - Storage of NV unused | L7: 0
A8: MWD - ICS (delivery or creation) | B8: =-86183+26203 -> -59980 | D8: MWD annual diversion = 959 kaf (demand is 957 kaf, but bank is full, taking delivery of water to capacity) | F8: MWD - ICS (delivery or creation) | G8: -59980 | I8: MWD annual diversion = 959 kaf (demand is 957 kaf, but bank is full, taking delivery of water to capacity) | K8: MWD - ICS (delivery or creation) | L8: -86182.778 | N8: MWD annual diversion = 960 kaf (demand is 957 kaf, but bank is full, taking delivery of water to capacity) | O8: -325601
A9: IID - ICS (delivery or creation) | B9: 0 | D9: Based on anticipated ICS plan | F9: IID - ICS (delivery or creation) | G9: 0 | K9: IID - ICS (delivery or creation) | L9: 0
A10: California- Water left in Mead | B10: 0 | D10: water left in Mead due to MWD at max capacity | F10: California- Water left in Mead | G10: 0 | K10: California- Water left in Mead | L10: 0 | O10: =569665-600000 -> -30335
A11: System Conservation | B11: =-'System Conservation'!AJ2 -> -456096 | F11: System Conservation | G11: =B11 -> -456096 | I11: PVID Fallowing | K11: System Conservation | L11: =G11 -> -456096 | N11: PVID Fallowing
A12: PSCP (Needles) | B12: -145 | F12: PSCP (Needles) | G12: -145 | K12: PSCP (Needles) | L12: -145
A13: Estimated CA adjusted apportionment | B13: =SUM(B6:B12) -> 3883779 | F13: Estimated CA adjusted apportionment | G13: =SUM(G6:G12) -> 3883779 | K13: Estimated CA adjusted apportionment | L13: =SUM(L6:L12) -> 3857576.2
A14: Modeled CA state total | B14: =B13+B15 -> 3883779 | F14: Modeled CA state total | G14: =G13+G15 -> 3883779 | K14: Modeled CA state total | L14: =L13+L15 -> 3857576.2
A15: Unused - interstate banking | B15: 0 | F15: Unused - interstate banking | G15: 0 | K15: Unused - interstate banking | L15: 0
A16: Unused - left in system | B16: 0 | F16: Unused - left in system | G16: 0 | K16: Unused - left in system | L16: 0
A18: Arizona | B18: Values in AF | D18: Notes | F18: Arizona | G18: Values in AF | I18: Notes | K18: Arizona | L18: Values in AF | N18: Notes
A19: Basic apportionment | B19: 2800000 | F19: Basic apportionment | G19: 2800000 | K19: Basic apportionment | L19: 2800000
A20: Shortage volume (IF YEAR 1) | B20: 0 | F20: Shortage volume (IF YEAR 1) | G20: 0 | K20: Shortage volume (IF YEAR 1) | L20: 0
A21: CAP - Storage of NV unused | B21: 0 | D21: CAP annual diversion of 0.891 maf | F21: CAP - Storage of NV unused | G21: 0 | I21: CAP annual diversion of 891 kaf | K21: CAP - Storage of NV unused | L21: 0 | N21: CAP annual diversion of 0.938 maf
A22: AZ - ICS (delivery or creation) | B22: 0 | F22: AZ - ICS (delivery or creation) | G22: 0 | K22: AZ - ICS (delivery or creation) | L22: 0
A23: Estimated payback(s) | B23: 0 | F23: Estimated payback(s) | G23: 0 | K23: Estimated payback(s) | L23: 0
A24: PSCP (BHC 2) | B24: -400 | F24: PSCP (BHC 2) | G24: -400 | K24: PSCP (BHC 2) | L24: -400
A25: AZ - System Water | B25: =-SUM('System Conservation'!T2,'System Conservation'!AB2) -> -351590.5 | D25: See System Conservation tab | F25: AZ - System Water | G25: =B25 -> -351590.5 | I25: See System Conservation tab | K25: AZ - System Water | L25: =B25 -> -351590.5 | N25: See System Conservation tab
A26: Estimated AZ adjusted apportionment for Model Input Outyears | B26: =SUM(B19:B25) -> 2448009.5 | F26: Estimated AZ adjusted apportionment for Model Input Outyears | G26: =SUM(G19:G25) -> 2448009.5 | K26: Estimated AZ adjusted apportionment for Model Input Outyears | L26: =SUM(L19:L25) -> 2448009.5
A27: DCP Contribution | B27: -192000 | D27: 192 kaf DCP contribution with 2618 af DCP ICS due to full bank | F27: DCP Contribution | G27: -192000 | I27: 192 kaf DCP contribution with 2618 af DCP ICS due to full bank | K27: DCP Contribution | L27: -192000 | N27: 192 kaf DCP contribution with 19285 af DCP ICS due to full bank
A28: CAWCD ICS creation/delivery | B28: 10000 | D28: Delivery of 10 kaf ICS (10 kaf tribal) | F28: CAWCD ICS creation/delivery | G28: 10000 | I28: Delivery of 10 kaf ICS (10 kaf tribal) | K28: CAWCD ICS creation/delivery | L28: 25000 | N28: Delivery of 25 kaf ICS (25 kaf tribal)
A29: Shortage Volume if Outyear | B29: -320000 | D29: shortage volume | F29: Shortage Volume if Outyear | G29: -320000 | I29: shortage volume | K29: Shortage Volume if Outyear | L29: -320000
A30: Modeled AZ state total for year 1 | B30: =SUM(B26:B29) -> 1946009.5 | F30: Modeled AZ state total | G30: =SUM(G26:G29) -> 1946009.5 | K30: Modeled AZ state total | L30: =SUM(L26:L29) -> 1961009.5
A31: Unused - interstate banking | B31: 0 | F31: Unused - interstate banking | G31: 0 | K31: Unused - interstate banking | L31: 0
A32: Unused - left in system | B32: 0 | F32: Unused - left in system | G32: 0 | K32: Unused - left in system | L32: 0
A33: ICS converted to system water due to full bank | B33: 0
A34: Nevada | D34: Notes | F34: Nevada | I34: Notes | K34: Nevada | N34: Notes
A35: Basic apportionment | B35: 300000 | F35: Basic apportionment | G35: 300000 | K35: Basic apportionment | L35: 300000
A36: Nevada Shortage Volume | B36: -13000 | D36: Shortage of 13 kaf | F36: Shortage Volume | G36: -13000 | K36: Shortage Volume | L36: -13000
A37: SNWA - ICS delivery or creation | B37: 0 | D37: 0 created due to full banks | F37: SNWA - ICS creation | G37: 0 | I37: Create 41 kaf given demand (0 kaf created due to full banks) | K37: SNWA - ICS creation | L37: 0 | N37: 0 AF ICS created due to full bank
A38: System Conservation (in additon to tributary) | B38: -75000 | D38: Total system conservation is this plus tributary (111 kaf) | F38: System Conservation (in additon to tributary) | G38: -75000 | I38: Total system conservation is this plus tributary (111 kaf) | K38: System Conservation (in additon to tributary) | L38: -100000 | N38: Total system conservation is this plus tributary (136 kaf)
A39: DSS taken during shortage | B39: 0 | F39: DSS taken during shortage | G39: 0 | K39: DSS taken during shortage | L39: 0
A40: Estimated NV adjusted apportionment | B40: =B35+B37+B39+B36+B38 -> 212000 | D40: NV Demand is 212 KAF based on water accounting forecast (12/3/24) | F40: Estimated NV adjusted apportionment | G40: =G35+G37+G39+G36+G38 -> 212000 | I40: NV Demand is 207 KAF | K40: Estimated NV adjusted apportionment | L40: =L35+L37+L39+L36+L38 -> 187000 | N40: NV demand is 187 kaf
A41: Shortage Volume | B41: -13000 | D41: reflected as a decrease in ICS creation - no impact to diversion | F41: Shortage Volume | G41: -13000 | I41: reflected as a decrease in ICS creation - no impact to diversion | K41: Shortage Volume | L41: 0 | N41: reflected as a decrease in ICS creation - when bank is full, impact to diversion as reduction in taking ICS
A42: DCP Contribution | B42: 0 | D42: Paper water conversion of -8,000 AF DCP | F42: SNWA - Estimated unused | G42: 0 | I42: Paper water conversion of -8000 AF DCP | K42: SNWA - Estimated unused | L42: 0 | N42: Paper water conversion of -8,000 AF DCP
A43: Modeled NV state total | B43: =B40+B48+B49+B51 -> 212000 | D43: SNWA annual use of 207 kaf | F43: Modeled NV state total | G43: =G40+G48+G49+G51 -> 212000 | I43: SNWA annual use of 202 kaf | K43: Modeled NV state total | L43: =L40+L48+L49+L51 -> 187000 | N43: SNWA annual use of 182 kaf
A44: Unused - interstate banking | B44: 0 | F44: Unused - interstate banking | G44: 0 | I44: Paper water conversion of -8000 AF DCP | K44: Unused - interstate banking | L44: 0
A45: Unused - left in system | B45: 0 | F45: Unused - left in system | G45: 0 | K45: Unused - left in system | L45: 0
A46: PSCP water - left in system | B46: 0 | F46: PSCP water - left in system | G46: 0 | K46: PSCP water - left in system | L46: 0
A47: Tributary Conservation | B47: 36000 | F47: ICS creation - left in system | G47: 36000 | I47: Tributary System Conservation | K47: Tributary conservation - left in system | L47: 36000 | N47: tributary conservation 36 kaf
A48: ICS delivered due to full bank | B48: 0 | F48: ICS delivered due to full bank | G48: 0 | K48: ICS delivered due to full bank | L48: 0
A49: Intended Tributary Vacated Due to full bank | B49: 0 | F49: Intended Tributary Vacated Due to full bank | G49: 0 | K49: Intended Tributary Vacated Due to full bank | L49: 0
A50: ICS converted to system water due to full bank | B50: 78910 | D50: 8000 af DCP ICS plus 70910 af of EC ICS | F50: ICS converted to system water due to full bank | G50: 78910 | I50: 8000 af DCP ICS plus 70,910 af of EC ICS | K50: ICS converted to system water due to full bank | L50: 102493 | N50: 8,000 DCP-ICS and 94493 AF ECICS to System Water
A51: Intended ICS creation delivered due to full bank | B51: 0 | F51: Intended ICS creation delivered due to full bank | G51: 0 | K51: Intended ICS creation delivered due to full bank | L51: 0
A52: Projected Lower Basin Use (U.S. contractors only) | B52: =SUM(B14,B30,B43) -> 6041788.5 | F52: Projected Lower Basin Use (U.S. contractors only) | G52: =SUM(G14,G30,G43) -> 6041788.5 | K52: Projected Lower Basin Use (U.S. contractors only) | L52: =SUM(L14,L30,L43) -> 6005585.7
A53: Mexico Use | B53: =1500000-50000-30000+22975-133000-11393+7001 -> 1305583 | D53: MX BNWSCP contribution of 30 KAF & shortage 50 KAF & WR delivery of 29976 af & system conservation of 133 kaf & WR creation of 11393 af | F53: Mexico Use | G53: =1500000-50000-30000+22975-133000-11393+7001 -> 1305583 | I53: MX BNWSCP contribution of 30 KAF & shortage 50 KAF & WR delivery of 29976 af & system conservation of 133 kaf & WR creation of 11393 af | K53: Mexico Use | L53: =1500000-50000-30000+22975-133000-11393 -> 1298582 | N53: MX BNWSCP contribution of 30 KAF & shortage 50 KAF & WR delivery of 22975 af & system conservation of 133 kaf & WR creation of 11393 af
A54: Total Basin Use | B54: =B52+B53 -> 7347371.5 | F54: Total Basin Use | G54: =G52+G53 -> 7347371.5 | K54: Total Basin Use | L54: =L52+L53 -> 7304167.7
B56: =B37+B51 -> 0
B57: 46675
B58: =B56+B57 -> 46675

Sheet 2025
A1: Calendar Year 2025 Water Use Projections | B1: =860047-833000 -> 27047 | F1: Calendar Year 2025 Water Use Projections | G1: =972500-868000 -> 104500 | K1: Calendar Year 2025 Water Use Projections | L1: =862000-916290 -> -54290
A2: Most Probable Inflow | F2: Probable Minimum Inflow | I2: =1002532-971000 -> 31532 | K2: Probable Maximum Inflow
A3: Projected Operating Condition - Level 1 Shortage (1050-1075) | F3: Projected Operating Condition - Level 1 Shortage (1050-1075) | K3: Projected Operating Condition - Level 1 Shortage (1050-1075)
A5: California | B5: Values in AF | D5: Notes | F5: California | G5: Values in AF | I5: Notes | K5: California | L5: Values in AF | N5: Notes
A6: Basic apportionment | B6: 4400000 | F6: Basic apportionment | G6: 4400000 | K6: Basic apportionment | L6: 4400000
A7: MWD - Storage of NV unused | B7: =B33+B46 -> 0 | F7: MWD - Storage of NV unused | G7: 0 | K7: MWD - Storage of NV unused | L7: 0
A8: MWD - ICS (delivery or creation) | B8: =-26912-525 -> -27437 | D8: MWD annual diversion = 811 kaf | F8: MWD - ICS (delivery or creation) | G8: =-26912-525 -> -27437 | I8: MWD Diversion target 0.811 maf | K8: MWD - ICS (delivery or creation) | L8: 0 | N8: MWD annual diversion = 826
A9: IID - ICS (delivery or creation) | D9: Based on anticipated ICS plan | F9: IID - ICS (delivery or creation) | K9: IID - ICS (delivery or creation) | L9: 0 | N9: Based on anticipated ICS plan
A10: MWD B2 System Conservation | B10: -242286 | F10: MWD B2 System Conservation | G10: -242286 | K10: MWD B2 System Conservation | L10: -186700
A11: California- Water left in Mead | F11: California- Water left in Mead | K11: California- Water left in Mead
A12: System Conservation | B12: =-'System Conservation'!AK2 -> -428196 | F12: System Conservation | G12: =B12 -> -428196 | K12: System Conservation | L12: =G12 -> -428196
A13: PSCP (Needles) | B13: -145 | F13: PSCP (Needles) | G13: -145 | K13: PSCP (Needles) | L13: -145
A14: Estimated CA adjusted apportionment | B14: =SUM(B6:B13) -> 3701936 | F14: Estimated CA adjusted apportionment | G14: =SUM(G6:G13) -> 3701936 | K14: Estimated CA adjusted apportionment | L14: =SUM(L6:L13) -> 3784959
A15: Modeled CA state total | B15: =B14+B16 -> 3701936 | F15: Modeled CA state total | G15: =G14+G16 -> 3701936 | K15: Modeled CA state total | L15: =L14+L16 -> 3784959
A16: Unused - interstate banking | B16: 0 | F16: Unused - interstate banking | G16: 0 | K16: Unused - interstate banking | L16: 0
A17: Unused - left in system | B17: 0 | F17: Unused - left in system | G17: 0 | K17: Unused - left in system | L17: 0
A18: Vacated ICS | F18: Vacated ICS | K18: Vacated ICS
A19: Modeled CA state total | F19: Modeled CA state total | K19: Modeled CA state total
A20: Arizona | B20: Values in AF | D20: Notes | F20: Arizona | G20: Values in AF | I20: Notes | K20: Arizona | L20: Values in AF | N20: Notes
A21: Basic apportionment | B21: 2800000 | F21: Basic apportionment | G21: 2800000 | K21: Basic apportionment | L21: 2800000
A22: Shortage volume (IF YEAR 1) | B22: 0 | F22: Shortage volume (IF YEAR 1) | G22: 0 | K22: Shortage volume (IF YEAR 1) | L22: 0
A23: CAP - Storage of NV unused | B23: 0 | D23: CAP annual diversion of 0.912 maf | F23: CAP - Storage of NV unused | G23: 0 | I23: CAP annual diversion of 912 kaf | K23: CAP - Storage of NV unused | L23: 0 | N23: CAP annual diversion of 900 kaf
A24: AZ - ICS (delivery or creation) | B24: 0 | F24: AZ - ICS (delivery or creation) | G24: 0 | I24: =20934-(1124/0.9) -> 19685.111 | K24: AZ - ICS (delivery or creation) | L24: 0
A25: Estimated payback(s) | B25: 0 | F25: Estimated payback(s) | G25: 0 | K25: Estimated payback(s) | L25: 0
A26: PSCP (BHC 2) | B26: -3201 | F26: PSCP (BHC 2) | G26: =B26 -> -3201 | K26: PSCP (BHC 2) | L26: =B26 -> -3201
A27: AZ - System Water | B27: =-SUM('System Conservation'!U2+'System Conservation'!AC2) -> -360444.5 | D27: See System Conservation tab | F27: AZ - System Water | G27: =B27 -> -360444.5 | I27: See System Conservation tab | K27: AZ - System Water | L27: =B27 -> -360444.5 | N27: See System Conservation tab
A28: Estimated AZ adjusted apportionment for Model Input Outyears | B28: =SUM(B21:B27) -> 2436354.5 | F28: Estimated AZ adjusted apportionment for Model Input Outyears | G28: =SUM(G21:G27) -> 2436354.5 | K28: Estimated AZ adjusted apportionment for Model Input Outyears | L28: =SUM(L21:L27) -> 2436354.5
A29: DCP Contribution | B29: -192000 | D29: 192 kaf DCP contribution with 19,685 due to full bank,conversion from ECICS to DCPICS | F29: DCP Contribution | G29: -192000 | I29: 192 kaf DCP contribution with 19,685 due to full bank,conversion from ECICS to DCPICS | K29: DCP Contribution | L29: -192000 | N29: 192 kaf DCP contribution with 36,055 af conversion from ECICS to DCPICS in addition of 9,439 af new EC to DCP ICS creation (45,494 af total DCP ICS; total of 43,535 af due to lack of bank space)
A30: CAWCD ICS creation/delivery | B30: 20943 | D30: 20,943 kaf ECICS conversion (model input as a delivery to make diversion and ICS balances correct) | F30: CAWCD ICS creation/delivery | G30: =20934+9 -> 20943 | I30: 20,943 kaf ECICS conversion (model input as a delivery to make diversion and ICS balances correct) | K30: CAWCD ICS creation/delivery | L30: 40000 | N30: Delivery of 3945 af + 36.06 kaf ECICS conversion (model input as 40kaf to make diversion and ICS balances correct)
A31: Shortage Volume if Outyear | B31: -320000 | D31: shortage volume | F31: Shortage Volume if Outyear | G31: -320000 | I31: shortage volume | K31: Shortage Volume if Outyear | L31: -320000
A32: Modeled AZ state total for year 1 | B32: =SUM(B28:B31) -> 1945297.5 | F32: Modeled AZ state total for year 1 | G32: =SUM(G28:G31) -> 1945297.5 | K32: Modeled AZ state total for year 1 | L32: =SUM(L28:L31) -> 1964354.5
A33: Unused - interstate banking | B33: 0 | F33: Unused - interstate banking | G33: 0 | K33: Unused - interstate banking | L33: 0
A34: Unused - left in system | B34: 0 | F34: Unused - left in system | G34: 0 | K34: Unused - left in system | L34: 0
K35: Vacated ICS left in Mead | L35: 0
A36: Nevada | D36: Notes | F36: Nevada | I36: Notes | K36: Nevada | N36: Notes
A37: Basic apportionment | B37: 300000 | F37: Basic apportionment | G37: 300000 | K37: Basic apportionment | L37: 300000
A38: Nevada shortage volume | B38: -13000 | F38: Nevada shortage volume | G38: -13000 | K38: Nevada shortage volume | L38: -13000
A39: SNWA - ICS delivery or creation | B39: =0 -> 0 | D39: Create 0 kaf | F39: SNWA - ICS Creation | G39: 0 | K39: SNWA - ICS Creation | L39: 0
A40: System Conservation (in additon to tributary) | B40: -87000 | D40: Total system conservation is this plus tributary (122 kaf) | F40: System Conservation (in additon to tributary) | G40: -87000 | I40: Total system conservation is this plus tributary (122 kaf) | K40: System Conservation (in additon to tributary) | L40: -93000 | N40: Total system conservation is this plus tributary (128 kaf)
A41: DSS taken during shortage | B41: 0 | D41: intended EC ICS creation delivered due to full ICS banks | F41: DSS taken during shortage | G41: 0 | K41: DSS taken during shortage | L41: 0
A42: Estimated NV adjusted apportionment | B42: =SUM(B37:B41) -> 200000 | F42: Estimated NV adjusted apportionment | G42: =G37+G39+G41+G38+G40 -> 200000 | K42: Estimated NV adjusted apportionment | L42: =L37+L39+L41+L38+L40 -> 194000
A43: Shortage Volume | B43: -13000 | D43: reflected as a decrease in ICS creation - no impact to diversion | F43: Shortage Reduction | G43: 0 | I43: reflected as a decrease in ICS creation - no impact to diversion | K43: Shortage Reduction | L43: 0
A44: DCP Contribution | B44: 0 | D44: Paper water conversion of -8,000 AF DCP | F44: SNWA - Estimated unused | G44: 0 | I44: Paper water conversion of -8000 AF DCP | K44: SNWA - Estimated unused | L44: 0 | N44: Paper water conversion of -8,000 AF DCP
A45: Modeled NV state total for Input | B45: =B42+B50+B51 -> 200000 | D45: SNWA annual use of 195 kaf | F45: Modeled NV state total | G45: =G42+G50+G51 -> 200000 | I45: SNWA annual use of 195 kaf | K45: Modeled NV state total | L45: =L42+L50+L51+L53 -> 194000 | N45: SNWA annual use of 188 kaf
A46: Unused - interstate banking | B46: 0 | F46: Unused - interstate banking | G46: 0 | K46: Unused - interstate banking | L46: 0
A47: Unused - left in system | B47: 0 | F47: Unused - left in system | G47: 0 | K47: Unused - left in system | L47: 0
A48: PSCP water - left in system | B48: 0 | F48: PSCP water - left in system | G48: 0 | K48: PSCP water - left in system | L48: 0
A49: Tributary Conservation | B49: 35000 | F49: ICS creation - left in system | G49: 35000 | I49: Tributary System Conservation | K49: Tributary conservation - left in system | L49: 35000 | N49: 35 kaf Tributary conservation
A50: ICS delivered due to full bank | B50: 0 | F50: ICS delivered due to full bank | G50: 0 | K50: ICS delivered due to full bank | L50: 0 | N50: existing EC-ICS creation
A51: Intended Tributary Vacated Due to full bank | B51: 0 | F51: Intended Tributary Vacated Due to full bank | G51: 0 | K51: Intended Tributary Vacated Due to full bank | L51: 0 | N51: system water
A52: ICS converted to system water due to full bank | B52: 53222 | D52: 16 kaf of DCPICS, and 37,222 af of ECICS vacated as system water | F52: ICS converted to system water due to full bank | G52: 53222 | I52: 16 kaf of DCPICS, and 37.2 kaf of ECICS vacated as system water | K52: ICS converted to system water due to full bank | L52: 30937 | N52: 16 kaf of DCPICS, and 14.9 kaf of ECICS vacated as system water
F53: Intended ICS creation delivered due to full bank | G53: 0 | K53: Intended ICS creation delivered due to full bank | L53: 0
A54: Projected Lower Basin Use (U.S. contractors only) | B54: =SUM(B15,B32,B45) -> 5847233.5 | D54: =B54-50000 -> 5797233.5 | F54: Projected Lower Basin Use (U.S. contractors only) | G54: =SUM(G15,G32,G45) -> 5847233.5 | K54: Projected Lower Basin Use (U.S. contractors only) | L54: =SUM(L15,L32,L45) -> 5943313.5
A55: Mexico Use | B55: =1500000-50000-30000-120596-80573+21646 -> 1240477 | D55: MX BNWSCP contribution of 30 KAF & shortage 50 KAF & system conservation of 120.596 kaf. Water Reserve creation of 80.573 KAF. Water Reserve Delivery of 21.646 KAF | F55: Mexico Use | G55: =1500000-50000-30000-120596-80573+21646 -> 1240477 | I55: MX BNWSCP contribution of 30 KAF & shortage 50 KAF & system conservation of 120.596 kaf. Water Reserve creation of 80.573 KAF. Water Reserve Delivery of 21.646 KAF | K55: Mexico Use | L55: =1500000-50000-30000-120596-80573+21646 -> 1240477 | N55: MX BNWSCP contribution of 30 KAF & shortage 50 KAF & system conservation of 120.596 kaf. Water Reserve creation of 80.573 KAF. Water Reserve Delivery of 21.646 KAF
A56: Total Basin Use | B56: =B54+B55 -> 7087710.5 | F56: Total Basin Use | G56: =G54+G55 -> 7087710.5 | K56: Total Basin Use | L56: =L54+L55 -> 7183790.5
A58: SNWA Bucket 2: 189 kaf

Sheet 2019 (Old News)
A1: Calendar Year 2019 Water Use Projections | F1: Calendar Year 2019 Water Use Projections | K1: Calendar Year 2019 Water Use Projections
A2: Most Probable Inflow | F2: Probable Minimum Inflow | K2: Probable Maximum Inflow
A3: Projected Operating Condition - Normal/ICS Surplus | F3: =A3 -> Projected Operating Condition - Normal/ICS Surplus | K3: =A3 -> Projected Operating Condition - Normal/ICS Surplus
A5: California | B5: Values in AF | D5: Notes | F5: California | G5: Values in AF | I5: Notes | K5: California | L5: Values in AF | N5: Notes
A6: Basic apportionment | B6: 4400000 | F6: =A6 -> Basic apportionment | G6: =B6 -> 4400000 | K6: =A6 -> Basic apportionment | L6: =B6 -> 4400000
A7: MWD - Storage of NV unused | B7: =B38 -> 0 | F7: =A7 -> MWD - Storage of NV unused | G7: =B7 -> 0 | K7: =A7 -> MWD - Storage of NV unused | L7: =B7 -> 0
A8: MWD - ICS (delivery or creation) | B8: =-400000-B9 -> -398421 | D8: ICS creation based on max CA creation of 400 KAF | F8: =A8 -> MWD - ICS (delivery or creation) | G8: -398421 | I8: ICS delivery based on max ICS creation | K8: =A8 -> MWD - ICS (delivery or creation) | L8: =B8 -> -398421 | N8: ICS delivery based on max ICS creation
A9: IID - ICS (delivery or creation) | B9: -1579 | D9: Based on projected space in IID ICS Bank | F9: =A9 -> IID - ICS (delivery or creation) | G9: =B9 -> -1579 | I9: =D9 -> Based on projected space in IID ICS Bank | K9: =A9 -> IID - ICS (delivery or creation) | L9: =B9 -> -1579 | N9: Based on projected space in IID ICS Bank
A10: Estimated Water Left in Mead | B10: 0 | D10: MWD modled diversion of 533 KAF based on max ICS creation | F10: =A10 -> Estimated Water Left in Mead | G10: =B10 -> 0 | I10: MWD modled diversion of 518 KAF based on max ICS creation | K10: =A10 -> Estimated Water Left in Mead | L10: =B10 -> 0 | N10: MWD modled diversion of 518 KAF based on max ICS creation
A11: PSCP (Coachella, Needles, and Bard) | B11: -3879 | D11: Note: 65.6 KAF underrun, leaves water for potential ICS or sys water? | F11: =A11 -> PSCP (Coachella, Needles, and Bard) | G11: =B11 -> -3879 | K11: =A11 -> PSCP (Coachella, Needles, and Bard) | L11: =B11 -> -3879
A12: Estimated CA adjusted apportionment | B12: =SUM(B6:B11) -> 3996121 | D12: approx 17 KAF (125 KAF - 58 KAF from NV - 50 KAF AZ) of | F12: =A12 -> Estimated CA adjusted apportionment | G12: =SUM(G6:G11) -> 3996121 | K12: =A12 -> Estimated CA adjusted apportionment | L12: =SUM(L6:L11) -> 3996121
A13: Modeled CA state total | B13: =B12+B14 -> 3996121 | D13: ICS creation from NV not being used | F13: =A13 -> Modeled CA state total | G13: =G12+G14 -> 3996121 | K13: =A13 -> Modeled CA state total | L13: =L12+L14 -> 3996121
A14: Unused - interstate banking | B14: 0 | D14: Actually modeled: | F14: =A14 -> Unused - interstate banking | G14: =B14 -> 0 | K14: =A14 -> Unused - interstate banking | L14: =B14 -> 0
A15: Unused - left in system | B15: 0 | D15: 3930505 | F15: =A15 -> Unused - left in system | G15: =B15 -> 0 | K15: =A15 -> Unused - left in system | L15: =B15 -> 0
A17: Arizona | B17: Values in AF | D17: Notes | F17: =A17 -> Arizona | G17: =B17 -> Values in AF | I17: =D17 -> Notes | K17: =A17 -> Arizona | L17: =B17 -> Values in AF | N17: =D17 -> Notes
A18: Basic apportionment | B18: 2800000 | F18: =A18 -> Basic apportionment | G18: =B18 -> 2800000 | K18: =A18 -> Basic apportionment | L18: =B18 -> 2800000
A19: Shortage volume | B19: 0 | F19: =A19 -> Shortage volume | G19: =B19 -> 0 | K19: =A19 -> Shortage volume | L19: =B19 -> 0
A20: CAP - Storage of NV unused | B20: 0 | F20: =A20 -> CAP - Storage of NV unused | G20: =B20 -> 0 | K20: =A20 -> CAP - Storage of NV unused | L20: =B20 -> 0
A21: AZ - ICS (delivery or creation) | B21: -150000 | D21: CAP annual diversion of 1.439 maf | F21: =A21 -> AZ - ICS (delivery or creation) | G21: =B21 -> -150000 | I21: =D21 -> CAP annual diversion of 1.439 maf | K21: =A21 -> AZ - ICS (delivery or creation) | L21: =B21 -> -150000 | N21: =D21 -> CAP annual diversion of 1.439 maf
A22: Estimated payback(s) | B22: 0 | F22: =A22 -> Estimated payback(s) | G22: =B22 -> 0 | K22: =A22 -> Estimated payback(s) | L22: =B22 -> 0
A23: PSCP (BHC 1&2, FMYN, CRIT) | B23: -41328 | F23: =A23 -> PSCP (BHC 1&2, FMYN, CRIT) | G23: =B23 -> -41328 | K23: =A23 -> PSCP (BHC 1&2, FMYN, CRIT) | L23: =B23 -> -41328
A24: Estimated AZ adjusted apportionment | B24: =SUM(B18:B23) -> 2608672 | F24: =A24 -> Estimated AZ adjusted apportionment | G24: =B24 -> 2608672 | K24: =A24 -> Estimated AZ adjusted apportionment | L24: =B24 -> 2608672
A25: CAP - Voluntary Conservation | B25: -88842 | F25: =A25 -> CAP - Voluntary Conservation | G25: =B25 -> -88842 | K25: =A25 -> CAP - Voluntary Conservation | L25: =B25 -> -88842
A26: Modeled AZ state total | B26: =SUM(B24:B25) -> 2519830 | D26: Actually modeled: | F26: =A26 -> Modeled AZ state total | G26: =B26 -> 2519830 | K26: =A26 -> Modeled AZ state total | L26: =B26 -> 2519830
A27: Unused - interstate banking | B27: 0 | D27: 2519830 | F27: =A27 -> Unused - interstate banking | G27: =B27 -> 0 | K27: =A27 -> Unused - interstate banking | L27: =B27 -> 0
A28: Unused - left in system | B28: =-B25-B27 -> 88842 | D28: =B25-1426 -> -90268 | F28: =A28 -> Unused - left in system | G28: =B28 -> 88842 | K28: =A28 -> Unused - left in system | L28: =B28 -> 88842
A30: Nevada | B30: Values in AF | D30: Notes | F30: =A30 -> Nevada | G30: =B30 -> Values in AF | I30: =D30 -> Notes | K30: =A30 -> Nevada | L30: =B30 -> Values in AF | N30: =D30 -> Notes
A31: Basic apportionment | B31: 300000 | F31: =A31 -> Basic apportionment | G31: =B31 -> 300000 | K31: =A31 -> Basic apportionment | L31: =B31 -> 300000
A32: SNWA - ICS creation or delivery | B32: -58000 | F32: =A32 -> SNWA - ICS creation or delivery | G32: =B32 -> -58000 | K32: =A32 -> SNWA - ICS creation or delivery | L32: =B32 -> -58000
A33: DSS taken during shortage | B33: 0 | F33: =A33 -> DSS taken during shortage | G33: =B33 -> 0 | K33: =A33 -> DSS taken during shortage | L33: =B33 -> 0
A34: Estimated NV adjusted apportionment | B34: =SUM(B31:B33) -> 242000 | F34: =A34 -> Estimated NV adjusted apportionment | G34: =B34 -> 242000 | K34: =A34 -> Estimated NV adjusted apportionment | L34: =B34 -> 242000
A35: Shortage Volume | B35: 0 | F35: =A35 -> Shortage Volume | G35: =B35 -> 0 | K35: =A35 -> Shortage Volume | L35: =B35 -> 0
A36: SNWA - Estimated unused | B36: 0 | F36: =A36 -> SNWA - Estimated unused | G36: =B36 -> 0 | K36: =A36 -> SNWA - Estimated unused | L36: =B36 -> 0
A37: Modeled NV state total | B37: =SUM(B34:B36) -> 242000 | D37: SNWA annual use of 237 kaf | F37: =A37 -> Modeled NV state total | G37: =B37 -> 242000 | I37: =D37 -> SNWA annual use of 237 kaf | K37: =A37 -> Modeled NV state total | L37: =B37 -> 242000 | N37: =D37 -> SNWA annual use of 237 kaf
A38: Unused - interstate banking | B38: =-B36 -> 0 | F38: =A38 -> Unused - interstate banking | G38: =B38 -> 0 | I38: =D38 -> 0 | K38: =A38 -> Unused - interstate banking | L38: =B38 -> 0 | N38: =D38 -> 0
A39: Unused - left in system | B39: =-B36-B38 -> 0 | D39: Actually modeled: | F39: =A39 -> Unused - left in system | G39: =B39 -> 0 | K39: =A39 -> Unused - left in system | L39: =B39 -> 0
A40: PSCP water - left in system | B40: 645 | D40: 242000 | F40: =A40 -> PSCP water - left in system | G40: =B40 -> 645 | K40: =A40 -> PSCP water - left in system | L40: =B40 -> 645
A41: ICS creation - left in system | B41: 30000 | F41: =A41 -> ICS creation - left in system | G41: =B41 -> 30000 | I41: =D41 -> 0 | K41: =A41 -> ICS creation - left in system | L41: =B41 -> 30000 | N41: =D41 -> 0
A43: Projected Lower Basin Use (U.S. contractors only) | B43: =SUM(B13,B26,B37) -> 6757951 | D43: =D40+D27+D15 -> 6692335 | F43: =A43 -> Projected Lower Basin Use (U.S. contractors only) | G43: =SUM(G13,G26,G37) -> 6757951 | K43: =A43 -> Projected Lower Basin Use (U.S. contractors only) | L43: =SUM(L13,L26,L37) -> 6757951
B44: =B43+1500000-30000 -> 8227951 | D44: =D43+1500000-30000 -> 8162335 | L44: =L43+1500000-30000 -> 8227951

Sheet 2016
A1: Calendar Year 2016 Water Use Projections | P1: Calendar Year 2016 Water Use Projections | U1: Calendar Year 2016 Water Use Projections
A2: Most Probable Inflow | P2: Minimum Probable Inflow | U2: Maximum Probable Inflow
A3: Operating Condition - ICS Surplus | P3: Operating Condition - ICS Surplus | U3: Operating Condition - ICS Surplus
A5: California | B5: Values in AF | D5: Notes | F5: California | G5: Values in AF | I5: Notes | K5: California | L5: Values in AF | N5: Notes | P5: California | Q5: Values in AF | S5: Notes | U5: California | V5: Values in AF | X5: Notes
A6: Basic apportionment | B6: 4400000 | F6: Basic apportionment | G6: 4400000 | K6: Basic apportionment | L6: 4400000 | P6: Basic apportionment | Q6: 4400000 | U6: Basic apportionment | V6: 4400000
A7: MWD - Storage of NV unused | B7: =B28+B39 -> 0 | F7: Extraordinary Conservation ICS create (MWD) | G7: 0 | K7: Extraordinary Conservation ICS create (MWD) | L7: 0 | P7: MWD - Storage of NV unused | Q7: =Q28+Q39 -> 0 | U7: MWD - Storage of NV unused | V7: =V28+V39 -> 0
A8: MWD - ICS (delivery or creation) | B8: 0 | D8: No ICS delivery, target diversion of 982 kaf (They are being modeled to divert 998 kaf) | F8: ICS take (MWD) | G8: 34622 | I8: Based on MWD target diversion of 1.19 MAF | K8: ICS take (MWD) | L8: 34622 | N8: Based on MWD target diversion of 1.19 MAF | P8: MWD - ICS (delivery or creation) | Q8: 0 | S8: No ICS delivery, target diversion of 962 kaf (They are being modeled to divert 1.002 maf) | U8: MWD - ICS (delivery or creation) | V8: 0 | X8: No ICS delivery, target diversion of 962 kaf (They are being modeled to divert 1.002 maf)
A9: IID - ICS (delivery or creation) | B9: 0 | D9: Based on email to Water Accounting from Autumn Plourd | F9: Storage of NV unused (MWD) | G9: =G40 -> 200000 | I9: Estimated volume to be stored by MWD. | K9: Storage of NV unused (MWD) | L9: =L40 -> 200000 | N9: Estimated volume to be stored by MWD. | P9: IID - ICS (delivery or creation) | Q9: -25000 | S9: Based on IID's submitted plan | U9: IID - ICS (delivery or creation) | V9: -25000 | X9: Based on IID's submitted plan
A10: Estimated payback | B10: 0 | D10: IID's Salton Sea payback is uncertain at this time | F10: Extraordinary Conservation ICS create (IID) | G10: -25000 | I10: Based on IID's approved plan; confirmed by IID. | K10: Extraordinary Conservation ICS create (IID) | L10: -25000 | N10: Based on IID's approved plan; confirmed by IID. | P10: Estimated payback | Q10: 0 | S10: IID's Salton Sea payback is uncertain at this time | U10: Estimated payback | V10: 0 | X10: IID's Salton Sea payback is uncertain at this time
A11: Estimated CA adjusted apportionment | B11: =SUM(B6:B10) -> 4400000 | F11: Estimated payback(s) | G11: 0 | I11: The method of the Salton Sea payback is uncertain at this time | K11: Estimated payback(s) | L11: 0 | N11: The method of the Salton Sea payback is uncertain at this time | P11: Estimated CA adjusted apportionment | Q11: =SUM(Q6:Q10) -> 4375000 | U11: Estimated CA adjusted apportionment | V11: =SUM(V6:V10) -> 4375000
A12: Modeled CA state total | B12: =B11+B13 -> 4400000 | F12: Estimated adjusted apportionment | G12: =SUM(G6:G11) -> 4609622 | K12: Estimated adjusted apportionment | L12: =SUM(L6:L11) -> 4609622 | P12: Modeled CA state total | Q12: =Q11+Q13 -> 4375000 | U12: Modeled CA state total | V12: =V11+V13 -> 4375000
A13: Unused - interstate banking | B13: 0 | F13: Projected state total | G13: =G12+G14 -> 4609622 | K13: Projected state total | L13: =L12+L14 -> 4609622 | P13: Unused - interstate banking | Q13: 0 | U13: Unused - interstate banking | V13: 0
A14: Unused - left in system | B14: 0 | F14: Projected state unused/overrun | G14: 0 | K14: Projected state unused/overrun | L14: 0 | P14: Unused - left in system | Q14: 0 | U14: Unused - left in system | V14: 0
A16: Arizona | B16: Values in AF | D16: Notes | F16: Arizona | I16: Notes | K16: Arizona | N16: Notes | P16: Arizona | Q16: Values in AF | S16: Notes | U16: Arizona | V16: Values in AF | X16: Notes
A17: Basic apportionment | B17: 2800000 | D17: CAP target diversion is 1.5 maf, modeled diversion is 1.490 maf | F17: Basic apportionment | G17: 2800000 | K17: Basic apportionment | L17: 2800000 | P17: Basic apportionment | Q17: 2800000 | S17: CAP target diversion is 1.5 maf, modeled diversion is 1.478 maf | U17: Basic apportionment | V17: 2800000 | X17: CAP target diversion is 1.5 maf, modeled diversion is 1.491 maf
A18: CAP - Storage of NV unused | B18: 0 | F18: Payback obligation(s) | G18: -165 | I18: Estimated paybacks from Cocopah and Beattie Farms. | K18: Estimated payback(s) | L18: -165 | N18: Estimated paybacks from Cocopah and Beattie Farms. | P18: CAP - Storage of NV unused | Q18: 0 | U18: CAP - Storage of NV unused | V18: 0
A19: CAP - ICS (delivery or creation) | B19: 0 | F19: Storage of NV unused (CAP) | G19: 0 | K19: Storage of NV unused (CAP) | L19: 0 | P19: CAP - ICS (delivery or creation) | Q19: 0 | U19: CAP - ICS (delivery or creation) | V19: 0
A20: Estimated payback(s) | B20: 0 | F20: ICS take | G20: 0 | K20: ICS take | L20: 0 | P20: Estimated payback(s) | Q20: 0 | U20: Estimated payback(s) | V20: 0
A21: Fort McDowell contribution of MOU protection volume | B21: -13933 | P21: Fort McDowell contribution of MOU protection volume | Q21: -13933 | U21: Fort McDowell contribution of MOU protection volume | V21: -13933
A22: TON, CRIT & GRIC PSCP | B22: =-9817-1137-10000 -> -20954 | D22: MSelig 10/6/16 Phase 2 PSCP | P22: TON, CRIT & GRIC PSCP | Q22: =-9817-1137-10000 -> -20954 | S22: MSelig 10/6/16 Phase 2 PSCP | U22: TON, CRIT & GRIC PSCP | V22: =-9817-1137-10000 -> -20954 | X22: MSelig 10/6/16 Phase 2 PSCP
A23: CAP PSCP | B23: -25265 | P23: CAP PSCP | Q23: -25265 | U23: CAP PSCP | V23: -25265
A24: System Conservation | B24: -7000 | D24: Estimated volume from Pilot Fallowing Program (Yuma Mesa) | G24: -7000 | I24: Pilot Fallowing Program | K24: System Conservation | L24: -7000 | N24: Pilot Fallowing Program | P24: System Conservation | Q24: -7000 | S24: Estimated volume from Pilot Fallowing Program (Yuma Mesa) | U24: System Conservation | V24: -7000 | X24: Estimated volume from Pilot Fallowing Program (Yuma Mesa)
A25: Estimated AZ adjusted apportionment | B25: =SUM(B17:B24) -> 2732848 | F25: Estimated adjusted apportionment | G25: =SUM(G17:G24) -> 2792835 | K25: Estimated adjusted apportionment | L25: =SUM(L17:L24) -> 2792835 | P25: Estimated AZ adjusted apportionment | Q25: =SUM(Q17:Q24) -> 2732848 | U25: Estimated AZ adjusted apportionment | V25: =SUM(V17:V24) -> 2732848
A26: CAP - Estimated conservation | B26: =-B29-SUM(B21:B24) -> -114099 | D26: Estimated (computed) additional conservation volume based on 4/6 schedule provided by CAP | F26: Projected state total | G26: =G25+G27 -> 2617835 | K26: Projected state total | L26: =L25+L27 -> 2617835 | P26: CAP - Estimated conservation | Q26: =-Q29-SUM(Q21:Q24) -> -123802 | S26: Estimated (computed) additional conservation volume based on 4/6 schedule provided by CAP | U26: CAP - Estimated conservation | V26: =-V29-SUM(V21:V24) -> -123802 | X26: Estimated (computed) additional conservation volume based on 4/6 schedule provided by CAP
A27: Modeled AZ state total | B27: =B25+B26 -> 2618749 | F27: Projected state unused/overrun | G27: -175000 | I27: Based on estimated total consevation by CAP. | K27: Projected state unused/overrun | L27: -175000 | N27: Based on estimated total consevation by CAP. | P27: Modeled AZ state total | Q27: =Q25+Q26 -> 2609046 | U27: Modeled AZ state total | V27: =V25+V26 -> 2609046
A28: Unused - interstate banking | B28: 0 | G28: 0 | K28: Unused - interstate banking | L28: 0 | P28: Unused - interstate banking | Q28: 0 | U28: Unused - interstate banking | V28: 0
A29: Unused - left in system | B29: =170000+ABS(B22)-9703 -> 181251 | D29: Estimated volume of AZ unused left in Mead provided by CAP 4/6/16 plus Phase 2 PSCP | G29: =-G27 -> 175000 | K29: Unused - left in system | L29: =-L27 -> 175000 | P29: Unused - left in system | Q29: =170000+ABS(Q22) -> 190954 | S29: Estimated volume of AZ unused left in Mead provided by CAP 4/6/16 plus Phase 2 PSCP | U29: Unused - left in system | V29: =170000+ABS(V22) -> 190954 | X29: Estimated volume of AZ unused left in Mead provided by CAP 4/6/16 plus Phase 2 PSCP
D30: (Minus difference in Dec operational schedule of 9,703 af)
A32: Nevada | D32: Notes | F32: Nevada | I32: Notes | K32: Nevada | N32: Notes | P32: Nevada | S32: Notes | U32: Nevada | X32: Notes
A33: Basic apportionment | B33: 300000 | F33: Basic apportionment | G33: 300000 | K33: Basic apportionment | L33: 300000 | P33: Basic apportionment | Q33: 300000 | U33: Basic apportionment | V33: 300000
A34: SNWA - ICS delivery | B34: 0 | F34: Total Tributary Conservation and Imported ICS create | G34: 30000 | I34: Estimated volume of ICS creation provided by SNWA. | K34: Total Tributary Conservation and Imported ICS create | L34: 30000 | N34: Estimated volume of ICS creation provided by SNWA. | P34: SNWA - ICS delivery | Q34: 0 | U34: SNWA - ICS delivery | V34: 0
A35: DSS taken during shortage | B35: 0 | F35: ICS take | G35: 128000 | I35: Assumed ICS take to get MWD to 1.2MAF | K35: ICS take | L35: 128000 | N35: Assumed ICS take to get MWD to 1.2MAF | P35: DSS taken during shortage | Q35: 0 | U35: DSS taken during shortage | V35: 0
A36: Estimated NV adjusted apportionment | B36: =B33+B34+B35 -> 300000 | F36: DSS take during shortage | G36: 0 | I36: =128000-(1215499-1198770)+2906 -> 114177 | K36: DSS take during shortage | L36: 0 | N36: =128000-(1215499-1198770)+2906 -> 114177 | P36: Estimated NV adjusted apportionment | Q36: =Q33+Q34+Q35 -> 300000 | U36: Estimated NV adjusted apportionment | V36: =V33+V34+V35 -> 300000
A37: SNWA - Estimated unused | B37: -72000 | F37: Estimated adjusted apportionment | G37: =G33+G35+G36 -> 428000 | K37: Estimated adjusted apportionment | L37: =L33+L35+L36 -> 428000 | P37: SNWA - Estimated unused | Q37: -72000 | U37: SNWA - Estimated unused | V37: -72000
A38: Modeled NV state total | B38: =B36+B37 -> 228000 | D38: Estimated unused provided by SNWA | F38: Projected state total | G38: 228000 | K38: Projected state total | L38: 228000 | P38: Modeled NV state total | Q38: =Q36+Q37 -> 228000 | S38: Estimated unused provided by SNWA | U38: Modeled NV state total | V38: =V36+V37 -> 228000 | X38: Estimated unused provided by SNWA
A39: Unused - interstate banking | B39: =-B37-B40 -> 0 | D39: Estimated volume to be stored by MWD | F39: Projected state unused/overrun | G39: =G38-G37 -> -200000 | I39: Based on estimated volume of unused provided by SNWA. | K39: Projected state unused/overrun | L39: =L38-L37 -> -200000 | N39: Based on estimated volume of unused provided by SNWA. | P39: Unused - interstate banking | Q39: =-Q37-Q40 -> 0 | S39: Estimated volume to be stored by MWD | U39: Unused - interstate banking | V39: =-V37-V40 -> 0 | X39: Estimated volume to be stored by MWD
A40: Unused - left in system | B40: 72000 | D40: MOU protection volume | F40: Unused - interstate banking | G40: =+G39*-1 -> 200000 | I40: Estimated volume to be stored by MWD. | K40: Unused - interstate banking | L40: =+L39*-1 -> 200000 | N40: Estimated volume to be stored by MWD. | P40: Unused - left in system | Q40: 72000 | S40: MOU protection volume | U40: Unused - left in system | V40: 72000 | X40: MOU protection volume
A41: PSCP water - left in system | B41: =7500+215 -> 7715 | D41: Based on PSCP agreements signed on June 4 and September 2016 | F41: Unused - left in system | G41: =+G40+G39 -> 0 | K41: Unused - left in system | L41: =+L40+L39 -> 0 | P41: PSCP water - left in system | Q41: =7500+215 -> 7715 | S41: Based on PSCP agreements signed on June 4 and September 2016 | U41: PSCP water - left in system | V41: =7500+215 -> 7715 | X41: Based on PSCP agreements signed on June 4 and September 2016
A42: ICS creation - left in system | B42: =30000-B41 -> 22285 | D42: Estimated volume of ICS creation (30,000 af) less water conserved under the PSCP Phase 1 amd 2 (7,715 af) | P42: ICS creation - left in system | Q42: =30000-Q41 -> 22285 | S42: Estimated volume of ICS creation (30,000 af) less water conserved under the PSCP Phase 1 amd 2 (7,715 af) | U42: ICS creation - left in system | V42: =30000-V41 -> 22285 | X42: Estimated volume of ICS creation (30,000 af) less water conserved under the PSCP Phase 1 amd 2 (7,715 af)
F43: Projected Lower Basin total (U.S. contractors only) | G43: =SUM(G13,G26,G38) -> 7455457 | K43: Projected Lower Basin total (U.S. contractors only) | L43: =SUM(L13,L26,L38) -> 7455457
A44: Projected Lower Basin Use (U.S. contractors only) | B44: =SUM(B12,B27,B38) -> 7246749 | P44: Projected Lower Basin Use (U.S. contractors only) | Q44: =SUM(Q12,Q27,Q38) -> 7212046 | U44: Projected Lower Basin Use (U.S. contractors only) | V44: =SUM(V12,V27,V38) -> 7212046

Sheet 2017
A1: Calendar Year 2017 Water Use Projections | F1: Calendar Year 2017 Water Use Projections | K1: Calendar Year 2017 Water Use Projections
A2: Most Probable Inflow | F2: Minimum Probable Inflow | K2: Maximum Probable Inflow
A3: Operating Condition - Normal/ICS Surplus | F3: Operating Condition - Normal/ICS Surplus | K3: Operating Condition - Normal/ICS Surplus
A5: California | B5: Values in AF | D5: Notes | F5: California | G5: Values in AF | I5: Notes | K5: California | L5: Values in AF | N5: Notes
A6: Basic apportionment | B6: 4400000 | F6: Basic apportionment | G6: 4400000 | K6: Basic apportionment | L6: 4400000
A7: MWD - Storage of NV unused | B7: =B38 -> 0 | F7: MWD - Storage of NV unused | G7: =G38 -> 0 | K7: MWD - Storage of NV unused | L7: =L38 -> 0
A8: MWD - ICS (delivery or creation) | B8: -350000 | D8: ICS creation based on MWD guidance. MWD annual diversion = 678 kaf | F8: MWD - ICS (delivery or creation) | G8: -350000 | I8: ICS creation based on MWD guidance. MWD annual diversion = 651 kaf | K8: MWD - ICS (delivery or creation) | L8: -350000 | N8: ICS creation based on MWD guidance. MWD annual diversion = 651 kaf
A9: IID - ICS (delivery or creation) | B9: -21500 | D9: Projected ICS creation based on conversation with IID on 10/6/17 | F9: IID - ICS (delivery or creation) | G9: -20000 | I9: Projected ICS creation based on conversation with IID on 10/6/17 | K9: IID - ICS (delivery or creation) | L9: -20000 | N9: Projected ICS creation based on conversation with IID on 10/6/17
A10: Estimated payback | B10: 0 | F10: Estimated payback | G10: 0 | K10: Estimated payback | L10: 0
A11: PSCP (Coachella and Needles) | B11: -900 | F11: PSCP (Coachella and Needles) | G11: -900 | K11: PSCP (Coachella and Needles) | L11: -900
A12: Estimated CA adjusted apportionment | B12: =SUM(B6:B11) -> 4027600 | F12: Estimated CA adjusted apportionment | G12: =SUM(G6:G11) -> 4029100 | K12: Estimated CA adjusted apportionment | L12: =SUM(L6:L11) -> 4029100
A13: Modeled CA state total | B13: =B12+B14+B15 -> 4027600 | F13: Modeled CA state total | G13: =G12+G14+G15 -> 4029100 | K13: Modeled CA state total | L13: =L12+L14+L15 -> 4029100
A14: Unused - interstate banking | B14: 0 | F14: Unused - interstate banking | G14: 0 | K14: Unused - interstate banking | L14: 0
A15: Unused - left in system | B15: 0 | F15: Unused - left in system | G15: 0 | K15: Unused - left in system | L15: 0
A17: Arizona | B17: Values in AF | D17: Notes | F17: Arizona | G17: Values in AF | I17: Notes | K17: Arizona | L17: Values in AF | N17: Notes
A18: Basic apportionment | B18: 2800000 | F18: Basic apportionment | G18: 2800000 | H18: ist | K18: Basic apportionment | L18: 2800000 | M18: ist
A19: Shortage volume | B19: 0 | F19: Shortage volume | G19: 0 | K19: Shortage volume | L19: 0
A20: CAP - Storage of NV unused | B20: 0 | F20: CAP - Storage of NV unused | G20: 0 | K20: CAP - Storage of NV unused | L20: 0
A21: CAP - ICS (delivery or creation) | B21: 0 | D21: CAP annual diversion of 1.420 maf | F21: CAP - ICS (delivery or creation) | G21: 0 | I21: CAP annual diversion of 1.395 maf | K21: CAP - ICS (delivery or creation) | L21: 0 | N21: CAP annual diversion of 1.395 maf
A22: Estimated payback | B22: 0 | F22: Estimated payback | G22: 0 | K22: Estimated payback | L22: 0
A23: PSCP (TON, BHC, and CRIT) | B23: -19202 | D23: TON (10,080); Bullhead City (550); CRIT PSCP (8,572) | F23: PSCP (TON, BHC, and CRIT) | G23: -19202 | I23: TON (10,080); Bullhead City (550); CRIT PSCP (8,572) | K23: PSCP (TON, BHC, and CRIT) | L23: -19202 | N23: TON (10,080); Bullhead City (550); CRIT PSCP (8,572)
A24: GRIC System Conservation | B24: -80000 | F24: GRIC System Conservation | G24: -80000 | K24: GRIC System Conservation | L24: -80000
A25: Estimated AZ adjusted apportionment | B25: =SUM(B18:B24) -> 2700798 | F25: Estimated AZ adjusted apportionment | G25: =SUM(G18:G24) -> 2700798 | K25: Estimated AZ adjusted apportionment | L25: =SUM(L18:L24) -> 2700798
A26: CAP - Voluntary Conservation | B26: -185000 | F26: CAP - Voluntary Conservation | G26: -185000 | K26: CAP - Voluntary Conservation | L26: -185000
A27: Modeled AZ state total | B27: =SUM(B25:B26) -> 2515798 | F27: Modeled AZ state total | G27: =SUM(G25:G26) -> 2515798 | K27: Modeled AZ state total | L27: =SUM(L25:L26) -> 2515798
A28: Unused - interstate banking | B28: 0 | F28: Unused - interstate banking | G28: 0 | K28: Unused - interstate banking | L28: 0
A29: Unused - left in system | B29: 0 | F29: Unused - left in system | G29: 0 | K29: Unused - left in system | L29: 0
A31: Nevada | D31: Notes | F31: Nevada | I31: Notes | K31: Nevada | N31: Notes
A32: Basic apportionment | B32: 300000 | F32: Basic apportionment | G32: 300000 | K32: Basic apportionment | L32: 300000
A33: SNWA - ICS delivery | B33: 0 | F33: SNWA - ICS delivery | G33: 0 | K33: SNWA - ICS delivery | L33: 0
A34: DSS taken during shortage | B34: 0 | F34: DSS taken during shortage | G34: 0 | K34: DSS taken during shortage | L34: 0
A35: Estimated NV adjusted apportionment | B35: =B32+B33+B34 -> 300000 | F35: Estimated NV adjusted apportionment | G35: =G32+G33+G34 -> 300000 | K35: Estimated NV adjusted apportionment | L35: =L32+L33+L34 -> 300000
A36: SNWA - Estimated unused | B36: =-53804 -> -53804 | D36: Estimated unused based on number provided by SNWA, but updated to reflect realtime schedules and uses | F36: SNWA - Estimated unused | G36: -47000 | I36: Estimated unused provided by SNWA | K36: SNWA - Estimated unused | L36: -47000 | N36: Estimated unused provided by SNWA
A37: Modeled NV state total | B37: =B35+B36 -> 246196 | D37: SNWA annual diversion of 241 kaf | F37: Modeled NV state total | G37: =G35+G36 -> 253000 | I37: SNWA annual diversion of 247 kaf | K37: Modeled NV state total | L37: =L35+L36 -> 253000 | N37: SNWA annual diversion of 247 kaf
A38: Unused - interstate banking | B38: =-B36-B39 -> 0 | F38: Unused - interstate banking | G38: =-G36-G39 -> 0 | K38: Unused - interstate banking | L38: =-L36-L39 -> 0
A39: Unused - left in system | B39: =-B36 -> 53804 | F39: Unused - left in system | G39: =-G36 -> 47000 | K39: Unused - left in system | L39: =-L36 -> 47000
A40: PSCP water - left in system | B40: 860 | F40: PSCP water - left in system | G40: 860 | K40: PSCP water - left in system | L40: 860
A41: ICS creation - left in system | B41: =30000-B40 -> 29140 | D41: Estimated ICS creation | F41: ICS creation - left in system | G41: =30000-G40 -> 29140 | I41: Estimated ICS creation | K41: ICS creation - left in system | L41: =30000-L40 -> 29140 | N41: Estimated ICS creation
A43: Projected Lower Basin Use (U.S. contractors only) | B43: =SUM(B13,B27,B37) -> 6789594 | F43: Projected Lower Basin Use (U.S. contractors only) | G43: =SUM(G13,G27,G37) -> 6797898 | K43: Projected Lower Basin Use (U.S. contractors only) | L43: =SUM(L13,L27,L37) -> 6797898
A57: =276724*1.9835 -> 548882.05
A58: =A57-563509 -> -14626.946
